,0,1,2,3,4,5,6,7
0,01,2011,,,,,,
1,66.9,45.0,0.00,-,-,01,2011,
2,66.0,44.1,0.00,-,-,01,2011,
3,66.9,41.0,0.08,-,-,01,2011,
4,57.0,41.0,0.00,-,-,01,2011,
5,61.0,39.0,0.00,-,-,01,2011,
6,63.0,39.0,0.09,-,-,01,2011,
7,66.9,50.0,0.01,-,-,01,2011,
8,64.9,46.0,0.07,-,-,01,2011,
9,64.9,44.1,0.00,-,-,01,2011,
10,63.0,44.1,0.00,-,-,01,2011,
11,66.0,45.0,0.00,-,-,01,2011,
12,53.1,45.0,0.00,-,-,01,2011,
13,66.0,46.0,0.98,-,-,01,2011,
14,57.0,46.9,0.82,-,-,01,2011,
15,57.9,37.9,0.02,-,-,01,2011,
16,59.0,37.9,0.00,-,-,01,2011,
17,59.0,37.9,0.00,-,-,01,2011,
18,68.0,48.0,0.00,-,-,01,2011,
19,68.0,48.9,0.00,-,-,01,2011,
20,69.1,48.9,0.00,-,-,01,2011,
21,68.0,48.0,0.00,-,-,01,2011,
22,69.1,48.9,0.00,-,-,01,2011,
23,61.0,39.0,0.00,-,-,01,2011,
24,02,2011,,,,,,
25,50.0,37.0,0.05,-,-,02,2011,
26,53.1,46.9,0.23,-,-,02,2011,
27,53.1,41.0,0.03,-,-,02,2011,
28,53.1,34.0,0.00,-,-,02,2011,
29,54.0,34.0,0.00,-,-,02,2011,
30,53.1,-,0.00,-,-,02,2011,
31,53.1,30.9,0.00,-,-,02,2011,
32,45.0,37.9,0.00,-,-,02,2011,
33,48.9,41.0,0.00,-,-,02,2011,
34,46.9,30.9,0.00,-,-,02,2011,
35,48.9,39.9,0.00,-,-,02,2011,
36,48.9,41.0,0.05,-,-,02,2011,
37,57.0,41.0,0.00,-,-,02,2011,
38,57.9,46.0,0.03,-,-,02,2011,
39,60.1,43.0,0.00,-,-,02,2011,
40,64.9,44.1,0.00,-,-,02,2011,
41,57.9,43.0,0.00,-,-,02,2011,
42,57.9,41.0,0.00,-,-,02,2011,
43,39.9,62.1,0.00,-,-,02,2011,
44,66.9,39.0,0.00,-,-,02,2011,
45,62.1,37.9,0.00,-,-,02,2011,
46,63.0,39.9,0.00,-,-,02,2011,
47,66.9,39.9,0.00,-,-,02,2011,
48,66.9,37.0,0.00,-,-,02,2011,
49,66.9,37.9,0.00,-,-,02,2011,
50,66.0,39.9,0.00,-,-,02,2011,
51,64.9,37.9,0.00,-,-,02,2011,
52,64.0,37.9,0.00,-,-,02,2011,
53,64.0,39.0,0.00,-,-,02,2011,
54,64.0,39.0,0.14,-,-,02,2011,
55,53.1,37.0,0.24,-,-,02,2011,
56,03,2011,,,,,,
57,55.9,37.0,0.00,-,-,03,2011,
58,62.1,34.0,0.00,-,-,03,2011,
59,60.1,37.0,0.00,-,-,03,2011,
60,64.9,37.0,0.00,-,-,03,2011,
61,72.0,42.1,0.00,-,-,03,2011,
62,75.9,42.1,0.00,-,-,03,2011,
63,68.0,46.0,0.00,-,-,03,2011,
64,60.1,36.0,0.00,-,-,03,2011,
65,61.0,33.1,0.00,-,-,03,2011,
66,62.1,33.1,0.00,-,-,03,2011,
67,64.9,35.1,0.00,-,-,03,2011,
68,61.0,36.0,0.00,-,-,03,2011,
69,57.0,43.0,0.02,-,-,03,2011,
70,59.0,43.0,0.02,-,-,03,2011,
71,57.9,45.0,0.30,-,-,03,2011,
72,55.0,42.1,0.15,-,-,03,2011,
73,48.0,41.0,0.75,-,-,03,2011,
74,46.0,37.0,1.10,-,-,03,2011,
75,44.1,35.1,1.46,-,-,03,2011,
76,52.0,33.1,0.00,-,-,03,2011,
77,52.0,35.1,0.00,-,-,03,2011,
78,57.9,35.1,0.00,-,-,03,2011,
79,55.9,37.0,0.03,-,-,03,2011,
80,55.9,37.0,0.52,-,-,03,2011,
81,52.0,32.0,0.01,-,-,03,2011,
82,50.0,28.9,0.00,-,-,03,2011,
83,57.0,32.0,0.00,-,-,03,2011,
84,04,2011,,,,,,
85,60.1,34.0,0.00,-,-,04,2011,
86,62.1,42.1,0.00,-,-,04,2011,
87,62.1,42.1,0.00,-,-,04,2011,
88,64.9,39.9,0.00,-,-,04,2011,
89,64.0,42.1,0.00,-,-,04,2011,
90,66.9,46.0,0.10,-,-,04,2011,
91,61.0,48.0,0.05,-,-,04,2011,
92,60.1,48.9,0.01,-,-,04,2011,
93,64.0,45.0,0.00,-,-,04,2011,
94,64.0,42.1,0.00,-,-,04,2011,
95,64.9,39.9,0.00,-,-,04,2011,
96,64.0,39.9,0.00,-,-,04,2011,
97,68.0,50.0,0.08,-,-,04,2011,
98,63.0,53.1,0.05,-,-,04,2011,
99,66.0,51.1,0.31,-,-,04,2011,
100,60.1,37.9,0.00,-,-,04,2011,
101,62.1,37.9,-,-,-,04,2011,
102,57.0,39.9,0.63,-,-,04,2011,
103,48.9,46.0,1.53,-,-,04,2011,
104,54.0,42.1,0.18,-,-,04,2011,
105,57.9,42.1,0.09,-,-,04,2011,
106,60.1,45.0,0.14,-,-,04,2011,
107,57.0,45.0,0.21,-,-,04,2011,
108,60.1,24.1,1.94,-,-,04,2011,
109,60.1,24.1,0.91,-,-,04,2011,
110,62.1,44.1,0.12,-,-,04,2011,
111,63.0,42.1,0.00,-,-,04,2011,
112,69.1,45.0,0.00,-,-,04,2011,
113,77.0,45.0,0.00,-,-,04,2011,
114,05,2011,,,,,,
115,82.9,48.9,0.00,-,-,05,2011,
116,82.9,48.9,0.00,-,-,05,2011,
117,68.0,43.0,0.00,-,-,05,2011,
118,68.0,43.0,0.00,-,-,05,2011,
119,78.1,48.0,0.00,-,-,05,2011,
120,72.0,42.1,0.00,-,-,05,2011,
121,72.0,-,0.09,-,-,05,2011,
122,57.0,39.0,0.06,-,-,05,2011,
123,60.1,37.0,0.00,-,-,05,2011,
124,64.0,39.9,0.00,-,-,05,2011,
125,64.0,39.9,0.00,-,-,05,2011,
126,66.0,39.0,0.00,-,-,05,2011,
127,66.0,41.0,0.00,-,-,05,2011,
128,63.0,39.9,0.01,-,-,05,2011,
129,64.0,43.0,0.00,-,-,05,2011,
130,71.1,41.0,0.00,-,-,05,2011,
131,73.0,53.1,0.00,-,-,05,2011,
132,70.0,54.0,0.00,-,-,05,2011,
133,69.1,53.1,0.02,-,-,05,2011,
134,68.0,43.0,0.00,-,-,05,2011,
135,71.1,37.9,0.00,-,-,05,2011,
136,66.0,42.1,0.00,-,-,05,2011,
137,66.9,43.0,0.00,-,-,05,2011,
138,66.0,52.0,0.00,-,-,05,2011,
139,66.9,52.0,0.00,-,-,05,2011,
140,66.9,46.0,0.00,-,-,05,2011,
141,69.1,43.0,0.00,-,-,05,2011,
142,70.0,43.0,0.00,-,-,05,2011,
143,66.9,41.0,0.00,-,-,05,2011,
144,69.1,42.1,0.00,-,-,05,2011,
145,06,2011,,,,,,
146,No data, , , , , ,06,2011
147,07,2011,,,,,,
148,64.9,48.9,0.03,-,-,07,2011,
149,68.0,44.1,0.04,-,-,07,2011,
150,66.9,43.0,T,-,-,07,2011,
151,57.9,53.1,0.31,-,-,07,2011,
152,63.0,53.1,0.16,-,-,07,2011,
153,66.9,52.0,0.00,-,-,07,2011,
154,72.0,54.0,0.00,-,-,07,2011,
155,73.0,48.9,0.00,-,-,07,2011,
156,75.0,50.0,-,-,-,07,2011,
157,75.9,50.0,0.00,-,-,07,2011,
158,77.0,46.9,0.00,-,-,07,2011,
159,69.1,53.1,0.00,-,-,07,2011,
160,73.0,52.0,0.00,-,-,07,2011,
161,77.0,55.0,0.00,-,-,07,2011,
162,84.0,54.0,0.00,-,-,07,2011,
163,84.9,52.0,0.00,-,-,07,2011,
164,78.1,51.1,0.00,-,-,07,2011,
165,75.9,48.9,0.00,-,-,07,2011,
166,75.0,54.0,0.00,-,-,07,2011,
167,89.1,57.0,0.00,-,-,07,2011,
168,97.0,59.0,0.00,-,-,07,2011,
169,95.0,57.0,0.00,-,-,07,2011,
170,79.0,53.1,0.00,-,-,07,2011,
171,78.1,50.0,0.00,-,-,07,2011,
172,75.9,50.0,0.00,-,-,07,2011,
173,73.0,51.1,0.00,-,-,07,2011,
174,77.0,54.0,0.00,-,-,07,2011,
175,73.0,57.9,0.00,-,-,07,2011,
176,66.9,52.0,0.50,-,-,07,2011,
177,68.0,50.0,0.00,-,-,07,2011,
178,08,2011,,,,,,
179,78.1,54.0,0.00,-,-,08,2011,
180,89.1,55.0,0.00,-,-,08,2011,
181,82.9,55.9,0.00,-,-,08,2011,
182,93.9,55.9,0.00,-,-,08,2011,
183,82.0,55.0,0.00,-,-,08,2011,
184,87.1,55.9,0.00,-,-,08,2011,
185,84.9,55.0,0.00,-,-,08,2011,
186,79.0,54.0,0.00,-,-,08,2011,
187,82.0,55.9,0.00,-,-,08,2011,
188,73.9,50.0,0.00,-,-,08,2011,
189,75.0,53.1,0.00,-,-,08,2011,
190,75.0,52.0,0.00,-,-,08,2011,
191,73.0,57.9,0.00,-,-,08,2011,
192,73.0,54.0,0.00,-,-,08,2011,
193,69.1,15.1,0.00,-,-,08,2011,
194,73.0,55.0,0.00,-,-,08,2011,
195,73.9,57.0,0.00,-,-,08,2011,
196,72.0,51.1,0.00,-,-,08,2011,
197,77.0,57.0,0.00,-,-,08,2011,
198,77.0,55.0,0.00,-,-,08,2011,
199,88.0,54.0,0.00,-,-,08,2011,
200,82.0,57.0,0.00,-,-,08,2011,
201,80.1,55.9,0.00,-,-,08,2011,
202,79.0,57.9,0.00,-,-,08,2011,
203,75.9,55.9,0.00,-,-,08,2011,
204,73.0,53.1,0.00,-,-,08,2011,
205,73.9,55.0,0.00,-,-,08,2011,
206,80.1,55.0,0.00,-,-,08,2011,
207,80.1,55.0,0.00,-,-,08,2011,
208,75.0,60.1,0.00,-,-,08,2011,
209,75.0,59.0,0.00,-,-,08,2011,
210,09,2011,,,,,,
211,73.9,57.9,0.00,-,-,09,2011,
212,75.0,55.0,0.00,-,-,09,2011,
213,75.9,54.0,0.00,-,-,09,2011,
214,75.9,57.0,0.00,-,-,09,2011,
215,75.0,59.0,0.00,-,-,09,2011,
216,78.1,57.9,0.00,-,-,09,2011,
217,78.1,52.0,0.00,-,-,09,2011,
218,78.1,55.0,0.00,-,-,09,2011,
219,78.1,54.0,0.00,-,-,09,2011,
220,78.1,54.0,0.00,-,-,09,2011,
221,73.9,53.1,0.00,-,-,09,2011,
222,73.9,53.1,0.00,-,-,09,2011,
223,78.1,52.0,0.00,-,-,09,2011,
224,77.0,53.1,0.00,-,-,09,2011,
225,79.0,54.0,0.00,-,-,09,2011,
226,75.9,55.0,0.00,-,-,09,2011,
227,73.0,57.9,0.00,-,-,09,2011,
228,75.0,54.0,0.00,-,-,09,2011,
229,75.0,54.0,0.00,-,-,09,2011,
230,77.0,59.0,0.00,-,-,09,2011,
231,71.1,57.0,0.00,-,-,09,2011,
232,73.9,53.1,0.00,-,-,09,2011,
233,89.1,57.9,0.00,-,-,09,2011,
234,75.0,57.0,0.00,-,-,09,2011,
235,78.1,57.0,0.00,-,-,09,2011,
236,73.9,55.0,0.00,-,-,09,2011,
237,77.0,55.9,0.00,-,-,09,2011,
238,75.9,52.0,0.00,-,-,09,2011,
239,75.9,51.1,0.00,-,-,09,2011,
240,10,2011,,,,,,
241,75.0,51.1,0.00,-,-,10,2011,
242,80.1,53.1,0.00,-,-,10,2011,
243,84.9,53.1,0.00,-,-,10,2011,
244,73.9,59.0,0.00,-,-,10,2011,
245,72.0,55.0,0.00,-,-,10,2011,
246,73.9,53.1,0.00,-,-,10,2011,
247,81.0,52.0,0.00,-,-,10,2011,
248,88.0,52.0,0.00,-,-,10,2011,
249,88.0,39.0,0.00,-,-,10,2011,
250,75.9,54.0,0.02,-,-,10,2011,
251,78.1,57.0,0.00,-,-,10,2011,
252,77.0,60.1,0.00,-,-,10,2011,
253,73.9,55.0,0.00,-,-,10,2011,
254,77.0,52.0,0.00,-,-,10,2011,
255,77.0,51.1,0.00,-,-,10,2011,
256,75.0,48.0,0.00,-,-,10,2011,
257,78.1,50.0,0.00,-,-,10,2011,
258,84.9,50.0,0.00,-,-,10,2011,
259,90.0,55.0,0.00,-,-,10,2011,
260,93.0,54.0,0.00,-,-,10,2011,
261,88.0,54.0,0.00,-,-,10,2011,
262,88.0,54.0,0.00,-,-,10,2011,
263,84.9,59.0,0.00,-,-,10,2011,
264,82.0,55.9,0.00,-,-,10,2011,
265,71.1,48.9,0.00,-,-,10,2011,
266,78.1,52.0,0.00,-,-,10,2011,
267,82.9,52.0,0.00,-,-,10,2011,
268,90.0,52.0,0.00,-,-,10,2011,
269,75.9,57.0,0.00,-,-,10,2011,
270,11,2011,,,,,,
271,62.1,52.0,0.00,-,-,11,2011,
272,64.0,42.1,0.00,-,-,11,2011,
273,66.9,41.0,0.00,-,-,11,2011,
274,62.1,37.9,0.00,-,-,11,2011,
275,60.1,32.0,0.00,-,-,11,2011,
276,55.0,32.0,0.00,-,-,11,2011,
277,57.9,32.0,0.00,-,-,11,2011,
278,57.9,32.0,0.00,-,-,11,2011,
279,55.9,33.1,0.00,-,-,11,2011,
280,53.1,45.0,0.04,-,-,11,2011,
281,50.0,33.1,0.00,-,-,11,2011,
282,53.1,33.1,0.00,-,-,11,2011,
283,54.0,35.1,0.05,-,-,11,2011,
284,51.1,34.0,0.00,-,-,11,2011,
285,57.0,32.0,0.00,-,-,11,2011,
286,57.9,33.1,0.00,-,-,11,2011,
287,53.1,33.1,0.00,-,-,11,2011,
288,57.9,32.0,0.00,-,-,11,2011,
289,55.9,32.0,0.00,-,-,11,2011,
290,57.9,28.9,0.00,-,-,11,2011,
291,57.0,28.0,0.00,-,-,11,2011,
292,55.0,28.0,0.00,-,-,11,2011,
293,55.9,28.9,0.00,-,-,11,2011,
294,53.1,30.0,0.00,-,-,11,2011,
295,51.1,39.0,0.00,-,-,11,2011,
296,55.0,36.0,0.00,-,-,11,2011,
297,60.1,3.9,0.00,-,-,11,2011,
298,57.0,41.0,0.02,-,-,11,2011,
299,57.9,39.0,0.00,-,-,11,2011,
300,12,2011,,,,,,
301,70.0,48.0,0.00,0.00,0.0,12,2011,
302,73.0,43.0,0.06,-,-,12,2011,
303,71.1,43.0,0.00,0.00,0.0,12,2011,
304,63.0,42.1,0.18,-,-,12,2011,
305,55.9,37.9,0.00,-,-,12,2011,
306,55.9,42.1,0.15,-,-,12,2011,
307,57.0,39.9,T,-,-,12,2011,
308,57.9,36.0,0.00,-,-,12,2011,
309,60.1,37.0,0.00,-,-,12,2011,
310,63.0,37.0,0.00,-,-,12,2011,
311,64.0,42.1,0.00,0.00,0.0,12,2011,
312,57.9,48.9,0.09,-,-,12,2011,
313,57.9,44.1,T,-,-,12,2011,
314,61.0,43.0,0.00,-,-,12,2011,
315,59.0,39.9,0.00,-,-,12,2011,
316,62.1,39.9,0.00,-,-,12,2011,
317,62.1,44.1,0.00,-,-,12,2011,
318,62.1,45.0,0.00,-,-,12,2011,
319,62.1,37.9,0.06,-,-,12,2011,
320,55.0,37.9,0.17,-,-,12,2011,
321,57.0,37.9,0.05,-,-,12,2011,
322,60.1,43.0,T,-,-,12,2011,
323,60.1,39.9,0.00,-,-,12,2011,
324,59.0,41.0,0.00,-,-,12,2011,
325,59.0,41.0,0.00,-,-,12,2011,
326,61.0,41.0,0.00,-,-,12,2011,
327,59.0,46.0,0.00,-,-,12,2011,
328,55.0,42.1,T,-,-,12,2011,
329,54.0,44.1,0.01,-,-,12,2011,
330,01,2012,,,,,,
331,62.1,52.0,0.00,-,-,01,2012,
332,64.0,42.1,0.00,-,-,01,2012,
333,66.9,41.0,0.00,-,-,01,2012,
334,62.1,37.9,0.00,-,-,01,2012,
335,60.1,32.0,0.00,-,-,01,2012,
336,55.0,32.0,0.00,-,-,01,2012,
337,57.9,32.0,0.00,-,-,01,2012,
338,57.9,32.0,0.00,-,-,01,2012,
339,55.9,33.1,0.00,-,-,01,2012,
340,53.1,45.0,0.04,-,-,01,2012,
341,50.0,33.1,0.00,-,-,01,2012,
342,53.1,33.1,0.00,-,-,01,2012,
343,54.0,35.1,0.05,-,-,01,2012,
344,51.1,34.0,0.00,-,-,01,2012,
345,57.0,32.0,0.00,-,-,01,2012,
346,57.9,33.1,0.00,-,-,01,2012,
347,53.1,33.1,0.00,-,-,01,2012,
348,57.9,32.0,0.00,-,-,01,2012,
349,55.9,32.0,0.00,-,-,01,2012,
350,57.9,28.9,0.00,-,-,01,2012,
351,57.0,28.0,0.00,-,-,01,2012,
352,55.0,28.0,0.00,-,-,01,2012,
353,55.9,28.9,0.00,-,-,01,2012,
354,53.1,30.0,0.00,-,-,01,2012,
355,51.1,39.0,0.00,-,-,01,2012,
356,55.0,36.0,0.00,-,-,01,2012,
357,60.1,3.9,0.00,-,-,01,2012,
358,57.0,41.0,0.02,-,-,01,2012,
359,57.9,39.0,0.00,-,-,01,2012,
360,02,2012,,,,,,
361,55.9,37.0,0.00,-,-,02,2012,
362,61.0,37.0,0.00,-,-,02,2012,
363,61.0,42.1,0.00,-,-,02,2012,
364,61.0,37.9,0.00,-,-,02,2012,
365,62.1,37.0,0.00,-,-,02,2012,
366,62.1,34.0,0.00,-,-,02,2012,
367,55.0,34.0,0.00,-,-,02,2012,
368,62.1,35.1,0.00,-,-,02,2012,
369,64.0,33.1,0.00,-,-,02,2012,
370,60.1,34.0,0.00,-,-,02,2012,
371,59.0,33.1,0.00,-,-,02,2012,
372,61.0,33.1,0.00,-,-,02,2012,
373,66.9,33.1,0.00,-,-,02,2012,
374,64.9,33.1,0.00,-,-,02,2012,
375,59.0,32.0,0.00,-,-,02,2012,
376,53.1,28.9,0.00,-,-,02,2012,
377,48.0,28.0,0.00,-,-,02,2012,
378,53.1,28.9,0.04,-,-,02,2012,
379,-,-,1.33,-,-,02,2012,
380,46.9,39.9,0.01,-,-,02,2012,
381,55.9,43.0,0.46,-,-,02,2012,
382,55.0,42.1,0.00,-,-,02,2012,
383,55.9,43.0,0.00,-,-,02,2012,
384,62.1,42.1,T,-,-,02,2012,
385,68.0,37.9,0.00,-,-,02,2012,
386,63.0,35.1,0.00,-,-,02,2012,
387,62.1,34.0,0.00,-,-,02,2012,
388,62.1,39.9,0.00,-,-,02,2012,
389,03,2012,,,,,,
390,57.0,42.1,0.00,-,-,03,2012,
391,55.9,39.9,0.00,-,-,03,2012,
392,64.9,36.0,0.00,-,-,03,2012,
393,61.0,36.0,0.00,-,-,03,2012,
394,62.1,37.0,0.00,-,-,03,2012,
395,64.0,37.9,0.00,-,-,03,2012,
396,63.0,45.0,0.06,-,-,03,2012,
397,61.0,45.0,0.00,-,-,03,2012,
398,63.0,41.0,0.00,-,-,03,2012,
399,64.9,41.0,0.00,-,-,03,2012,
400,64.0,44.1,0.02,-,-,03,2012,
401,57.9,42.1,0.07,-,-,03,2012,
402,51.1,37.9,0.27,-,-,03,2012,
403,57.0,37.9,0.01,-,-,03,2012,
404,62.1,37.9,0.00,-,-,03,2012,
405,64.0,37.9,0.00,-,-,03,2012,
406,62.1,46.9,0.00,-,-,03,2012,
407,60.1,37.9,0.00,-,-,03,2012,
408,57.9,43.0,0.07,-,-,03,2012,
409,57.0,42.1,0.00,-,-,03,2012,
410,63.0,43.0,0.00,-,-,03,2012,
411,75.0,44.1,0.00,-,-,03,2012,
412,73.9,43.0,0.00,-,-,03,2012,
413,59.0,35.1,0.00,-,-,03,2012,
414,59.0,35.1,0.00,-,-,03,2012,
415,55.0,35.1,0.00,-,-,03,2012,
416,57.0,41.0,0.26,-,-,03,2012,
417,04,2012,,,,,,
418,57.0,39.0,0.00,-,-,04,2012,
419,57.0,36.0,0.00,-,-,04,2012,
420,64.0,35.1,0.00,-,-,04,2012,
421,71.1,28.0,0.00,-,-,04,2012,
422,73.9,39.9,0.00,-,-,04,2012,
423,64.9,42.1,0.03,-,-,04,2012,
424,57.0,41.0,0.00,-,-,04,2012,
425,64.0,35.1,0.00,-,-,04,2012,
426,68.0,36.0,0.00,-,-,04,2012,
427,72.0,37.9,0.00,-,-,04,2012,
428,72.0,37.9,0.00,-,-,04,2012,
429,72.0,37.0,0.00,-,-,04,2012,
430,64.0,45.0,0.00,-,-,04,2012,
431,55.9,52.0,0.15,-,-,04,2012,
432,59.0,54.0,0.14,-,-,04,2012,
433,66.0,55.9,T,-,-,04,2012,
434,62.1,42.1,0.55,-,-,04,2012,
435,51.1,43.0,0.02,-,-,04,2012,
436,55.0,37.0,0.00,-,-,04,2012,
437,60.1,46.9,0.00,-,-,04,2012,
438,71.1,45.0,0.00,-,-,04,2012,
439,71.1,45.0,0.00,-,-,04,2012,
440,62.1,37.0,0.00,-,-,04,2012,
441,64.9,41.0,0.01,-,-,04,2012,
442,48.9,42.1,1.08,-,-,04,2012,
443,59.0,37.9,0.01,-,-,04,2012,
444,61.0,41.0,0.00,-,-,04,2012,
445,59.0,52.0,0.00,-,-,04,2012,
446,69.1,46.0,T,-,-,04,2012,
447,66.9,46.9,0.00,-,-,04,2012,
448,71.1,53.1,0.00,-,-,04,2012,
449,05,2012,,,,,,
450,62.1,35.1,0.45,-,-,05,2012,
451,61.0,39.9,0.00,-,-,05,2012,
452,66.9,42.1,0.00,-,-,05,2012,
453,66.9,37.0,0.00,-,-,05,2012,
454,66.9,32.0,0.00,-,-,05,2012,
455,60.1,37.0,0.00,-,-,05,2012,
456,62.1,36.0,0.00,-,-,05,2012,
457,70.0,39.0,0.00,-,-,05,2012,
458,68.0,39.9,0.00,-,-,05,2012,
459,70.0,44.1,0.00,-,-,05,2012,
460,55.9,46.9,0.37,-,-,05,2012,
461,60.1,48.9,0.00,-,-,05,2012,
462,64.9,46.0,1.03,-,-,05,2012,
463,59.0,46.9,0.02,-,-,05,2012,
464,66.9,42.1,0.00,-,-,05,2012,
465,64.9,42.1,0.00,-,-,05,2012,
466,66.9,46.0,0.00,-,-,05,2012,
467,75.0,54.0,0.00,-,-,05,2012,
468,88.0,54.0,0.00,-,-,05,2012,
469,87.1,55.0,0.00,-,-,05,2012,
470,75.9,57.0,0.00,-,-,05,2012,
471,75.9,55.9,0.00,-,-,05,2012,
472,73.0,55.0,0.12,-,-,05,2012,
473,64.0,45.0,0.00,-,-,05,2012,
474,70.0,46.0,0.00,-,-,05,2012,
475,73.9,50.0,0.00,-,-,05,2012,
476,81.0,50.0,0.00,-,-,05,2012,
477,06,2012,,,,,,
478,80.1,46.0,0.00,-,-,06,2012,
479,71.1,44.1,0.00,-,-,06,2012,
480,69.1,44.1,0.00,-,-,06,2012,
481,66.0,50.0,0.01,-,-,06,2012,
482,68.0,43.0,0.00,-,-,06,2012,
483,77.0,46.0,0.00,-,-,06,2012,
484,82.9,48.9,0.00,-,-,06,2012,
485,89.1,50.0,0.00,-,-,06,2012,
486,84.0,50.0,0.00,-,-,06,2012,
487,75.0,46.0,0.00,-,-,06,2012,
488,84.0,48.9,0.00,-,-,06,2012,
489,89.1,50.0,0.00,-,-,06,2012,
490,77.0,53.1,0.00,-,-,06,2012,
491,72.0,51.1,0.00,-,-,06,2012,
492,71.1,51.1,0.00,-,-,06,2012,
493,70.0,51.1,0.00,-,-,06,2012,
494,64.9,52.0,0.00,-,-,06,2012,
495,73.0,45.0,0.00,-,-,06,2012,
496,75.9,46.0,0.00,-,-,06,2012,
497,77.0,50.0,0.00,-,-,06,2012,
498,80.1,41.0,0.00,-,-,06,2012,
499,75.9,48.0,0.00,-,-,06,2012,
500,80.1,52.0,0.00,-,-,06,2012,
501,73.0,46.9,0.00,-,-,06,2012,
502,72.0,48.9,0.00,-,-,06,2012,
503,66.9,46.9,0.00,-,-,06,2012,
504,64.0,51.1,0.00,-,-,06,2012,
505,71.1,46.9,0.00,-,-,06,2012,
506,75.9,48.9,0.00,-,-,06,2012,
507,07,2012,,,,,,
508,81.0,53.1,0.00,-,-,07,2012,
509,79.0,55.0,0.00,-,-,07,2012,
510,87.1,53.1,0.00,-,-,07,2012,
511,73.9,55.0,0.00,-,-,07,2012,
512,64.0,48.0,0.08,-,-,07,2012,
513,70.0,45.0,0.00,-,-,07,2012,
514,75.0,46.9,0.00,-,-,07,2012,
515,69.1,52.0,0.00,-,-,07,2012,
516,75.9,46.0,0.00,-,-,07,2012,
517,79.0,50.0,0.00,-,-,07,2012,
518,90.0,54.0,0.00,-,-,07,2012,
519,91.9,54.0,0.00,-,-,07,2012,
520,87.1,53.1,0.00,-,-,07,2012,
521,75.9,53.1,0.00,-,-,07,2012,
522,77.0,50.0,0.00,-,-,07,2012,
523,82.0,54.0,0.00,-,-,07,2012,
524,98.1,59.0,0.00,-,-,07,2012,
525,82.0,57.9,0.00,-,-,07,2012,
526,75.9,51.1,0.00,-,-,07,2012,
527,77.0,53.1,0.00,-,-,07,2012,
528,91.0,53.1,0.00,-,-,07,2012,
529,75.0,53.1,0.00,-,-,07,2012,
530,73.0,46.9,0.00,-,-,07,2012,
531,79.0,48.9,0.00,-,-,07,2012,
532,80.1,51.1,0.00,-,-,07,2012,
533,78.1,55.0,0.00,-,-,07,2012,
534,75.0,55.0,0.00,-,-,07,2012,
535,08,2012,,,,,,
536,78.1,55.9,0.00,-,-,08,2012,
537,75.9,51.1,0.00,-,-,08,2012,
538,75.0,54.0,0.00,-,-,08,2012,
539,79.0,52.0,0.00,-,-,08,2012,
540,81.0,52.0,0.00,-,-,08,2012,
541,75.9,42.1,0.00,-,-,08,2012,
542,75.0,51.1,0.00,-,-,08,2012,
543,82.9,52.0,0.00,-,-,08,2012,
544,82.9,51.1,0.00,-,-,08,2012,
545,73.9,50.0,0.00,-,-,08,2012,
546,82.9,55.0,0.00,-,-,08,2012,
547,81.0,52.0,0.00,-,-,08,2012,
548,82.9,52.0,0.00,-,-,08,2012,
549,73.0,54.0,0.00,-,-,08,2012,
550,77.0,55.0,0.00,-,-,08,2012,
551,75.9,55.0,0.00,-,-,08,2012,
552,73.9,52.0,0.00,-,-,08,2012,
553,75.0,54.0,0.00,-,-,08,2012,
554,73.0,51.1,0.00,-,-,08,2012,
555,75.9,54.0,0.00,-,-,08,2012,
556,82.0,55.0,0.00,-,-,08,2012,
557,93.0,54.0,0.00,-,-,08,2012,
558,81.0,55.0,0.00,-,-,08,2012,
559,80.1,55.9,0.00,-,-,08,2012,
560,84.0,53.1,0.00,-,-,08,2012,
561,75.9,55.9,0.00,-,-,08,2012,
562,75.0,55.0,0.00,-,-,08,2012,
563,75.0,55.9,0.00,-,-,08,2012,
564,77.0,54.0,0.00,-,-,08,2012,
565,75.0,55.9,0.00,-,-,08,2012,
566,84.0,55.0,0.00,-,-,08,2012,
567,09,2012,,,,,,
568,79.0,54.0,0.00,-,-,09,2012,
569,80.1,54.0,0.00,-,-,09,2012,
570,80.1,55.9,0.00,-,-,09,2012,
571,75.9,57.0,0.00,-,-,09,2012,
572,70.0,59.0,0.00,-,-,09,2012,
573,73.9,53.1,0.00,-,-,09,2012,
574,77.0,53.1,0.00,-,-,09,2012,
575,86.0,52.0,0.00,-,-,09,2012,
576,82.9,52.0,0.00,-,-,09,2012,
577,84.9,52.0,0.00,-,-,09,2012,
578,81.0,53.1,0.00,-,-,09,2012,
579,82.9,53.1,0.00,-,-,09,2012,
580,77.0,55.0,0.00,-,-,09,2012,
581,81.0,57.0,0.00,-,-,09,2012,
582,78.1,57.9,0.00,-,-,09,2012,
583,78.1,55.9,0.00,-,-,09,2012,
584,73.9,57.9,0.00,-,-,09,2012,
585,79.0,53.1,0.00,-,-,09,2012,
586,73.0,53.1,0.00,-,-,09,2012,
587,72.0,52.0,0.00,-,-,09,2012,
588,72.0,51.1,0.00,-,-,09,2012,
589,73.0,59.0,0.00,-,-,09,2012,
590,75.0,55.0,0.00,-,-,09,2012,
591,78.1,55.9,0.00,-,-,09,2012,
592,73.9,51.1,0.00,-,-,09,2012,
593,73.9,52.0,0.00,-,-,09,2012,
594,86.0,52.0,0.00,-,-,09,2012,
595,10,2012,,,,,,
596,68.0,55.9,0.00,-,-,10,2012,
597,72.0,50.0,0.00,-,-,10,2012,
598,80.1,51.1,0.00,-,-,10,2012,
599,82.9,52.0,0.00,-,-,10,2012,
600,73.0,53.1,0.00,-,-,10,2012,
601,69.1,53.1,0.00,-,-,10,2012,
602,73.0,53.1,0.00,-,-,10,2012,
603,73.0,52.0,0.00,-,-,10,2012,
604,71.1,51.1,0.00,-,-,10,2012,
605,75.0,48.0,0.00,-,-,10,2012,
606,80.1,39.9,0.00,-,-,10,2012,
607,78.1,45.0,0.00,-,-,10,2012,
608,73.0,37.0,0.00,-,-,10,2012,
609,77.0,46.9,0.00,-,-,10,2012,
610,72.0,51.1,0.00,-,-,10,2012,
611,73.0,48.9,0.00,-,-,10,2012,
612,73.0,53.1,0.00,-,-,10,2012,
613,72.0,52.0,0.00,-,-,10,2012,
614,69.1,46.9,0.00,-,-,10,2012,
615,70.0,46.0,0.00,-,-,10,2012,
616,72.0,48.0,0.00,-,-,10,2012,
617,86.0,48.0,0.00,-,-,10,2012,
618,90.0,50.0,0.00,-,-,10,2012,
619,78.1,48.0,0.00,-,-,10,2012,
620,73.9,52.0,0.00,-,-,10,2012,
621,73.0,53.1,0.00,-,-,10,2012,
622,72.0,51.1,0.00,-,-,10,2012,
623,75.9,53.1,0.00,-,-,10,2012,
624,75.0,51.1,0.00,-,-,10,2012,
625,11,2012,,,,,,
626,95.0,53.1,0.00,-,-,11,2012,
627,96.1,55.0,0.00,-,-,11,2012,
628,84.9,55.9,0.00,-,-,11,2012,
629,73.9,53.1,0.00,-,-,11,2012,
630,72.0,51.1,0.00,-,-,11,2012,
631,72.0,46.0,0.00,-,-,11,2012,
632,73.9,46.0,0.00,-,-,11,2012,
633,72.0,48.0,0.00,-,-,11,2012,
634,70.0,48.0,0.05,-,-,11,2012,
635,73.0,54.0,0.00,-,-,11,2012,
636,63.0,54.0,0.00,-,-,11,2012,
637,64.9,53.1,0.00,-,-,11,2012,
638,73.0,46.9,0.00,-,-,11,2012,
639,73.0,46.0,0.00,-,-,11,2012,
640,75.9,55.9,0.00,-,-,11,2012,
641,75.0,51.1,0.00,-,-,11,2012,
642,84.0,48.9,0.00,-,-,11,2012,
643,87.1,59.0,0.00,-,-,11,2012,
644,71.1,37.9,0.00,-,-,11,2012,
645,71.1,39.0,0.00,-,-,11,2012,
646,66.0,46.9,0.24,-,-,11,2012,
647,63.0,48.0,0.74,-,-,11,2012,
648,61.0,46.9,0.25,-,-,11,2012,
649,64.9,48.9,0.03,-,-,11,2012,
650,64.0,45.0,0.02,-,-,11,2012,
651,71.1,45.0,0.00,-,-,11,2012,
652,75.9,48.9,0.00,-,-,11,2012,
653,75.9,51.1,0.00,-,-,11,2012,
654,68.0,52.0,0.00,-,-,11,2012,
655,12,2012,,,,,,
656,64.9,54.0,0.20,-,-,12,2012,
657,64.0,44.1,0.00,-,-,12,2012,
658,63.0,44.1,0.01,-,-,12,2012,
659,70.0,46.0,0.00,-,-,12,2012,
660,75.9,48.9,0.00,-,-,12,2012,
661,77.0,48.9,0.00,-,-,12,2012,
662,75.0,50.0,0.00,-,-,12,2012,
663,62.1,51.1,0.00,-,-,12,2012,
664,61.0,42.1,0.08,-,-,12,2012,
665,55.9,39.0,0.01,-,-,12,2012,
666,57.0,34.0,0.00,-,-,12,2012,
667,57.0,35.1,0.00,-,-,12,2012,
668,59.0,37.9,0.00,-,-,12,2012,
669,64.9,39.0,0.00,-,-,12,2012,
670,66.9,39.9,0.00,-,-,12,2012,
671,64.9,46.9,0.03,-,-,12,2012,
672,64.9,46.9,0.20,-,-,12,2012,
673,61.0,48.0,0.49,-,-,12,2012,
674,60.1,46.9,0.01,-,-,12,2012,
675,64.9,48.9,0.00,-,-,12,2012,
676,63.0,57.0,0.49,-,-,12,2012,
677,61.0,39.9,0.00,-,-,12,2012,
678,61.0,39.9,0.00,-,-,12,2012,
679,64.0,39.9,0.00,-,-,12,2012,
680,55.9,39.0,0.00,-,-,12,2012,
681,57.9,42.1,0.00,-,-,12,2012,
682,61.0,48.9,0.09,-,-,12,2012,
683,60.1,50.0,0.79,-,-,12,2012,
684,01,2013,,,,,,
685,64.0,55.9,0.58,-,-,01,2013,
686,62.1,53.1,0.78,-,-,01,2013,
687,61.0,39.9,0.67,-,-,01,2013,
688,57.9,42.1,0.00,-,-,01,2013,
689,61.0,48.0,0.37,-,-,01,2013,
690,63.0,51.1,0.08,-,-,01,2013,
691,57.9,43.0,0.00,-,-,01,2013,
692,59.0,37.9,0.00,-,-,01,2013,
693,55.9,37.0,0.00,-,-,01,2013,
694,63.0,41.0,0.00,-,-,01,2013,
695,64.0,39.0,0.00,-,-,01,2013,
696,64.0,42.1,0.08,-,-,01,2013,
697,52.0,27.0,0.05,-,-,01,2013,
698,50.0,28.0,0.00,-,-,01,2013,
699,51.1,34.0,0.00,-,-,01,2013,
700,46.9,35.1,0.15,-,-,01,2013,
701,55.9,44.1,0.06,-,-,01,2013,
702,57.0,37.9,0.12,-,-,01,2013,
703,50.0,30.0,0.12,-,-,01,2013,
704,50.0,30.9,0.00,-,-,01,2013,
705,57.0,36.0,0.00,-,-,01,2013,
706,59.0,48.9,-,-,-,01,2013,
707,59.0,48.0,0.15,-,-,01,2013,
708,54.0,39.9,1.80,-,-,01,2013,
709,53.1,39.0,0.00,-,-,01,2013,
710,52.0,42.1,0.43,-,-,01,2013,
711,51.1,39.9,0.23,-,-,01,2013,
712,52.0,34.0,0.00,-,-,01,2013,
713,50.0,36.0,0.26,-,-,01,2013,
714,50.0,33.1,0.00,-,-,01,2013,
715,51.1,30.9,0.00,-,-,01,2013,
716,02,2013,,,,,,
717,51.1,30.9,0.00,-,-,02,2013,
718,50.0,28.9,0.00,-,-,02,2013,
719,54.0,30.0,0.00,-,-,02,2013,
720,53.1,30.0,0.00,-,-,02,2013,
721,54.0,34.0,0.00,-,-,02,2013,
722,54.0,36.0,0.00,-,-,02,2013,
723,48.0,35.1,0.00,-,-,02,2013,
724,55.0,37.0,0.00,-,-,02,2013,
725,57.9,39.0,0.00,-,-,02,2013,
726,54.0,37.0,0.00,-,-,02,2013,
727,48.0,33.1,0.00,-,-,02,2013,
728,51.1,30.9,0.00,-,-,02,2013,
729,46.9,27.0,0.00,-,-,02,2013,
730,46.9,27.0,0.00,-,-,02,2013,
731,48.0,28.0,0.00,-,-,02,2013,
732,51.1,28.9,0.00,-,-,02,2013,
733,55.0,28.9,0.00,-,-,02,2013,
734,60.1,30.9,0.00,-,-,02,2013,
735,60.1,32.0,0.00,-,-,02,2013,
736,61.0,30.9,0.00,-,-,02,2013,
737,61.0,32.0,0.00,-,-,02,2013,
738,59.0,35.1,0.00,-,-,02,2013,
739,53.1,46.0,0.06,-,-,02,2013,
740,55.9,50.0,0.02,-,-,02,2013,
741,62.1,46.0,0.00,-,-,02,2013,
742,52.0,39.0,0.00,-,-,02,2013,
743,54.0,39.0,0.00,-,-,02,2013,
744,55.0,39.0,0.00,-,-,02,2013,
745,55.9,37.9,0.00,-,-,02,2013,
746,03,2013,,,,,,
747,62.1,37.9,0.00,-,-,03,2013,
748,64.9,39.9,0.00,-,-,03,2013,
749,64.0,41.0,0.00,-,-,03,2013,
750,55.9,39.9,0.00,-,-,03,2013,
751,55.0,35.1,0.00,-,-,03,2013,
752,57.0,33.1,0.00,-,-,03,2013,
753,55.0,39.0,0.15,-,-,03,2013,
754,52.0,32.0,0.00,-,-,03,2013,
755,55.9,30.9,0.00,-,-,03,2013,
756,57.9,33.1,0.00,-,-,03,2013,
757,62.1,19.9,0.00,-,-,03,2013,
758,62.1,37.0,0.00,-,-,03,2013,
759,66.9,39.0,0.00,-,-,03,2013,
760,71.1,41.0,0.00,-,-,03,2013,
761,57.9,33.1,0.00,-,-,03,2013,
762,61.0,34.0,T,-,-,03,2013,
763,63.0,35.1,0.00,-,-,03,2013,
764,63.0,35.1,0.00,-,-,03,2013,
765,66.9,36.0,0.00,-,-,03,2013,
766,50.0,42.1,0.00,-,-,03,2013,
767,04,2013,,,,,,
768,68.0,44.1,0.00,-,-,04,2013,
769,72.0,46.9,0.00,-,-,04,2013,
770,68.0,48.9,0.00,-,-,04,2013,
771,66.0,46.0,0.00,-,-,04,2013,
772,57.9,39.9,0.00,-,-,04,2013,
773,62.1,44.1,0.15,-,-,04,2013,
774,57.9,39.0,0.00,-,-,04,2013,
775,59.0,41.0,0.32,-,-,04,2013,
776,61.0,39.9,0.00,-,-,04,2013,
777,66.9,37.9,0.00,-,-,04,2013,
778,71.1,39.9,0.00,-,-,04,2013,
779,73.0,39.9,0.00,-,-,04,2013,
780,70.0,43.0,0.00,-,-,04,2013,
781,73.9,43.0,0.00,-,-,04,2013,
782,73.9,43.0,0.00,-,-,04,2013,
783,70.0,46.9,0.00,-,-,04,2013,
784,71.1,42.1,0.00,-,-,04,2013,
785,68.0,41.0,0.00,-,-,04,2013,
786,63.0,42.1,0.00,-,-,04,2013,
787,69.1,46.0,0.14,-,-,04,2013,
788,69.1,46.0,0.00,-,-,04,2013,
789,64.9,41.0,0.00,-,-,04,2013,
790,69.1,39.9,0.00,-,-,04,2013,
791,70.0,41.0,0.00,-,-,04,2013,
792,69.1,42.1,0.00,-,-,04,2013,
793,61.0,44.1,0.00,-,-,04,2013,
794,64.9,46.9,0.00,-,-,04,2013,
795,64.9,46.9,0.00,-,-,04,2013,
796,77.0,28.0,0.00,-,-,04,2013,
797,71.1,43.0,0.11,-,-,04,2013,
798,05,2013,,,,,,
799,71.1,53.1,0.24,-,-,05,2013,
800,66.9,45.0,0.00,-,-,05,2013,
801,69.1,48.0,0.00,-,-,05,2013,
802,75.9,52.0,0.38,-,-,05,2013,
803,75.9,52.0,0.38,-,-,05,2013,
804,60.1,46.9,0.00,-,-,05,2013,
805,66.9,50.0,0.00,-,-,05,2013,
806,66.0,48.9,0.00,-,-,05,2013,
807,73.9,48.9,0.00,-,-,05,2013,
808,84.9,48.9,0.00,-,-,05,2013,
809,71.1,45.0,0.00,-,-,05,2013,
810,61.0,39.0,0.00,-,-,05,2013,
811,69.1,42.1,0.00,-,-,05,2013,
812,80.1,48.0,0.00,-,-,05,2013,
813,88.0,51.1,0.00,-,-,05,2013,
814,68.0,46.0,0.00,-,-,05,2013,
815,71.1,46.9,0.00,-,-,05,2013,
816,80.1,54.0,0.00,-,-,05,2013,
817,89.1,51.1,0.00,-,-,05,2013,
818,06,2013,,,,,,
819,82.0,51.1,0.00,-,-,06,2013,
820,84.9,51.1,0.00,-,-,06,2013,
821,91.0,52.0,0.00,-,-,06,2013,
822,89.1,53.1,0.00,-,-,06,2013,
823,87.1,54.0,0.00,-,-,06,2013,
824,72.0,52.0,0.00,-,-,06,2013,
825,87.1,54.0,0.00,-,-,06,2013,
826,71.1,53.1,0.00,-,-,06,2013,
827,63.0,52.0,0.00,-,-,06,2013,
828,69.1,51.1,0.00,-,-,06,2013,
829,69.1,52.0,0.00,-,-,06,2013,
830,80.1,51.1,0.00,-,-,06,2013,
831,81.0,50.0,0.00,-,-,06,2013,
832,78.1,46.9,0.00,-,-,06,2013,
833,57.0,53.1,0.00,-,-,06,2013,
834,73.9,48.0,0.00,-,-,06,2013,
835,73.0,45.0,0.00,-,-,06,2013,
836,75.9,48.9,0.00,-,-,06,2013,
837,82.0,50.0,0.00,-,-,06,2013,
838,90.0,50.0,0.00,-,-,06,2013,
839,59.0,46.9,0.00,-,-,06,2013,
840,69.1,46.0,0.00,-,-,06,2013,
841,70.0,44.1,0.00,-,-,06,2013,
842,75.0,43.0,0.00,-,-,06,2013,
843,71.1,48.0,0.00,-,-,06,2013,
844,75.0,52.0,0.00,-,-,06,2013,
845,73.9,54.0,0.00,-,-,06,2013,
846,78.1,48.0,0.00,-,-,06,2013,
847,07,2013,,,,,,
848,84.9,53.1,0.00,-,-,07,2013,
849,88.0,53.1,0.00,-,-,07,2013,
850,88.0,50.0,0.00,-,-,07,2013,
851,75.9,55.9,0.00,-,-,07,2013,
852,73.0,55.0,0.00,-,-,07,2013,
853,70.0,55.0,0.00,-,-,07,2013,
854,73.9,55.0,0.00,-,-,07,2013,
855,82.0,57.0,0.00,-,-,07,2013,
856,82.9,57.0,0.00,-,-,07,2013,
857,78.1,57.0,0.00,-,-,07,2013,
858,78.1,57.0,0.00,-,-,07,2013,
859,73.9,50.0,0.00,-,-,07,2013,
860,81.0,48.9,0.00,-,-,07,2013,
861,80.1,51.1,0.00,-,-,07,2013,
862,88.0,48.9,0.00,-,-,07,2013,
863,73.9,48.9,0.00,-,-,07,2013,
864,79.0,52.0,0.00,-,-,07,2013,
865,78.1,54.0,0.00,-,-,07,2013,
866,78.1,53.1,0.00,-,-,07,2013,
867,75.9,48.0,0.00,-,-,07,2013,
868,80.1,51.1,0.00,-,-,07,2013,
869,82.9,44.1,0.00,-,-,07,2013,
870,84.0,57.9,0.00,-,-,07,2013,
871,72.0,59.0,-,-,-,07,2013,
872,82.0,59.0,0.00,-,-,07,2013,
873,91.0,59.0,0.00,-,-,07,2013,
874,93.9,59.0,0.00,-,-,07,2013,
875,08,2013,,,,,,
876,84.9,59.0,0.00,-,-,08,2013,
877,88.0,52.0,0.00,-,-,08,2013,
878,86.0,60.1,0.00,-,-,08,2013,
879,88.0,63.0,0.00,-,-,08,2013,
880,87.1,57.0,0.00,-,-,08,2013,
881,87.1,54.0,0.00,-,-,08,2013,
882,75.0,59.0,0.00,-,-,08,2013,
883,79.0,57.0,0.00,-,-,08,2013,
884,75.9,57.9,0.00,-,-,08,2013,
885,82.0,55.0,0.00,-,-,08,2013,
886,77.0,57.0,0.00,-,-,08,2013,
887,73.0,52.0,0.00,-,-,08,2013,
888,75.0,52.0,0.00,-,-,08,2013,
889,79.0,53.1,0.00,-,-,08,2013,
890,73.9,54.0,0.00,-,-,08,2013,
891,73.9,54.0,0.00,-,-,08,2013,
892,71.1,59.0,0.00,-,-,08,2013,
893,73.9,54.0,0.00,-,-,08,2013,
894,79.0,54.0,0.00,-,-,08,2013,
895,78.1,52.0,0.00,-,-,08,2013,
896,77.0,57.0,0.00,-,-,08,2013,
897,77.0,57.9,0.00,-,-,08,2013,
898,75.0,61.0,0.00,-,-,08,2013,
899,75.9,57.9,0.00,-,-,08,2013,
900,80.1,55.9,0.00,-,-,08,2013,
901,73.0,60.1,0.00,-,-,08,2013,
902,75.9,60.1,0.00,-,-,08,2013,
903,66.9,57.0,0.00,-,-,08,2013,
904,73.9,53.1,0.00,-,-,08,2013,
905,77.0,55.0,0.00,-,-,08,2013,
906,73.9,57.9,0.00,-,-,08,2013,
907,09,2013,,,,,,
908,-,-,0.00,-,-,09,2013,
909,75.9,51.1,0.00,-,-,09,2013,
910,-,-,0.00,-,-,09,2013,
911,78.1,57.0,0.00,-,-,09,2013,
912,72.0,55.9,0.00,-,-,09,2013,
913,73.0,55.0,0.00,-,-,09,2013,
914,73.0,57.0,0.00,-,-,09,2013,
915,75.9,57.0,0.00,-,-,09,2013,
916,73.9,53.1,0.00,-,-,09,2013,
917,73.0,55.9,0.00,-,-,09,2013,
918,73.9,57.9,0.00,-,-,09,2013,
919,72.0,57.9,0.00,-,-,09,2013,
920,77.0,54.0,0.00,-,-,09,2013,
921,82.9,54.0,0.00,-,-,09,2013,
922,82.9,54.0,0.00,-,-,09,2013,
923,82.0,62.1,0.00,-,-,09,2013,
924,80.1,57.9,0.00,-,-,09,2013,
925,75.9,57.9,0.00,-,-,09,2013,
926,88.0,62.1,0.00,-,-,09,2013,
927,84.0,61.0,0.00,-,-,09,2013,
928,79.0,61.0,0.00,-,-,09,2013,
929,75.0,57.9,0.00,-,-,09,2013,
930,73.9,57.0,0.00,-,-,09,2013,
931,73.0,54.0,0.00,-,-,09,2013,
932,81.0,57.0,0.00,-,-,09,2013,
933,81.0,62.1,0.00,-,-,09,2013,
934,81.0,55.0,0.00,-,-,09,2013,
935,80.1,55.9,0.00,-,-,09,2013,
936,79.0,60.1,0.00,-,-,09,2013,
937,86.0,57.0,0.00,-,-,09,2013,
938,78.1,57.0,0.00,-,-,09,2013,
939,10,2013,,,,,,
940,80.1,63.0,0.00,-,-,10,2013,
941,79.0,55.9,0.00,-,-,10,2013,
942,82.0,55.0,0.00,-,-,10,2013,
943,81.0,53.1,0.00,-,-,10,2013,
944,81.0,53.1,0.00,-,-,10,2013,
945,87.1,55.9,0.00,-,-,10,2013,
946,93.9,57.0,0.00,-,-,10,2013,
947,93.9,57.0,0.00,-,-,10,2013,
948,84.9,57.9,0.00,-,-,10,2013,
949,81.0,55.0,0.00,-,-,10,2013,
950,75.9,55.9,0.00,-,-,10,2013,
951,75.9,59.0,0.00,-,-,10,2013,
952,73.9,55.9,0.00,-,-,10,2013,
953,78.1,55.0,0.00,-,-,10,2013,
954,81.0,55.9,0.00,-,-,10,2013,
955,88.0,50.0,-,-,-,10,2013,
956,77.0,53.1,0.00,-,-,10,2013,
957,68.0,50.0,0.42,-,-,10,2013,
958,75.0,51.1,0.00,-,-,10,2013,
959,75.0,46.0,0.00,-,-,10,2013,
960,80.1,46.9,0.00,-,-,10,2013,
961,11,2013,,,,,,
962,75.9,50.0,0.00,-,-,11,2013,
963,72.0,48.9,0.00,-,-,11,2013,
964,75.0,46.0,0.00,-,-,11,2013,
965,75.0,55.0,0.00,-,-,11,2013,
966,80.1,46.9,0.00,-,-,11,2013,
967,84.0,46.0,0.00,-,-,11,2013,
968,81.0,46.9,0.00,-,-,11,2013,
969,80.1,46.9,0.00,-,-,11,2013,
970,75.0,46.9,0.00,-,-,11,2013,
971,68.0,46.0,0.00,-,-,11,2013,
972,71.1,46.0,0.00,-,-,11,2013,
973,71.1,45.0,0.00,-,-,11,2013,
974,66.9,45.0,0.00,-,-,11,2013,
975,73.0,44.1,0.00,-,-,11,2013,
976,75.0,45.0,0.00,-,-,11,2013,
977,79.0,44.1,0.00,-,-,11,2013,
978,80.1,45.0,0.00,-,-,11,2013,
979,79.0,45.0,0.00,-,-,11,2013,
980,73.9,45.0,0.00,-,-,11,2013,
981,75.0,46.0,0.00,-,-,11,2013,
982,69.1,46.9,0.00,-,-,11,2013,
983,69.1,46.9,0.00,-,-,11,2013,
984,64.0,42.1,0.00,-,-,11,2013,
985,64.0,48.9,0.00,-,-,11,2013,
986,59.0,42.1,0.00,-,-,11,2013,
987,64.9,44.1,0.00,-,-,11,2013,
988,71.1,44.1,0.00,-,-,11,2013,
989,62.1,51.1,0.00,-,-,11,2013,
990,62.1,51.1,0.00,-,-,11,2013,
991,64.0,41.0,0.00,-,-,11,2013,
992,64.0,41.0,0.00,-,-,11,2013,
993,12,2013,,,,,,
994,68.0,39.9,0.00,-,-,12,2013,
995,71.1,42.1,0.00,-,-,12,2013,
996,64.9,41.0,0.00,-,-,12,2013,
997,62.1,37.9,0.00,-,-,12,2013,
998,64.0,41.0,0.00,-,-,12,2013,
999,69.1,41.0,0.00,-,-,12,2013,
1000,69.1,46.0,0.00,-,-,12,2013,
1001,60.1,45.0,0.00,-,-,12,2013,
1002,69.1,42.1,0.00,-,-,12,2013,
1003,68.0,44.1,0.00,-,-,12,2013,
1004,66.0,43.0,0.00,-,-,12,2013,
1005,66.9,43.0,0.00,-,-,12,2013,
1006,66.9,44.1,0.00,-,-,12,2013,
1007,70.0,48.9,0.00,-,-,12,2013,
1008,62.1,39.9,0.00,-,-,12,2013,
1009,60.1,41.0,0.00,-,-,12,2013,
1010,57.9,46.0,0.00,-,-,12,2013,
1011,63.0,43.0,0.38,-,-,12,2013,
1012,60.1,48.9,0.79,-,-,12,2013,
1013,57.9,37.9,T,-,-,12,2013,
1014,64.9,37.0,0.00,-,-,12,2013,
1015,60.1,37.0,0.00,-,-,12,2013,
1016,61.0,37.0,0.00,-,-,12,2013,
1017,60.1,39.9,0.00,-,-,12,2013,
1018,62.1,39.9,0.00,-,-,12,2013,
1019,64.0,39.9,0.00,-,-,12,2013,
1020,64.0,39.9,0.00,-,-,12,2013,
1021,01,2014,,,,,,
1022,61.0,39.0,0.00,-,-,01,2014,
1023,63.0,39.0,0.00,-,-,01,2014,
1024,68.0,32.0,0.00,-,-,01,2014,
1025,48.9,26.1,0.00,-,-,01,2014,
1026,48.9,27.0,0.00,-,-,01,2014,
1027,52.0,34.0,0.22,-,-,01,2014,
1028,46.9,30.0,0.00,-,-,01,2014,
1029,43.0,27.0,0.00,-,-,01,2014,
1030,48.9,27.0,0.00,-,-,01,2014,
1031,50.0,30.0,0.00,-,-,01,2014,
1032,53.1,28.0,0.00,-,-,01,2014,
1033,55.0,30.9,0.00,-,-,01,2014,
1034,55.0,32.0,0.00,-,-,01,2014,
1035,57.0,32.0,0.00,-,-,01,2014,
1036,63.0,33.1,0.00,-,-,01,2014,
1037,61.0,39.0,0.00,-,-,01,2014,
1038,57.0,39.9,0.00,-,-,01,2014,
1039,55.9,32.0,0.00,-,-,01,2014,
1040,57.0,32.0,0.00,-,-,01,2014,
1041,63.0,32.0,0.00,-,-,01,2014,
1042,61.0,33.1,0.00,-,-,01,2014,
1043,66.0,30.0,0.00,-,-,01,2014,
1044,64.0,33.1,0.00,-,-,01,2014,
1045,62.1,36.0,0.00,-,-,01,2014,
1046,64.0,33.1,0.00,-,-,01,2014,
1047,61.0,34.0,0.00,-,-,01,2014,
1048,02,2014,,,,,,
1049,57.9,35.1,0.00,-,-,02,2014,
1050,63.0,36.0,0.00,-,-,02,2014,
1051,63.0,34.0,0.00,-,-,02,2014,
1052,60.1,34.0,0.00,-,-,02,2014,
1053,60.1,39.0,0.00,-,-,02,2014,
1054,57.0,37.9,0.00,-,-,02,2014,
1055,68.0,28.0,0.00,-,-,02,2014,
1056,66.9,34.0,0.00,-,-,02,2014,
1057,66.9,34.0,0.00,-,-,02,2014,
1058,64.9,37.0,0.00,-,-,02,2014,
1059,64.0,50.0,0.01,-,-,02,2014,
1060,61.0,41.0,0.01,-,-,02,2014,
1061,03,2014,,,,,,
1062,57.9,35.1,0.00,-,-,03,2014,
1063,55.9,37.0,T,-,-,03,2014,
1064,55.9,37.0,0.22,-,-,03,2014,
1065,55.0,34.0,0.00,-,-,03,2014,
1066,53.1,34.0,0.00,-,-,03,2014,
1067,54.0,34.0,0.53,-,-,03,2014,
1068,53.1,46.0,0.02,-,-,03,2014,
1069,55.0,50.0,0.17,-,-,03,2014,
1070,61.0,53.1,0.07,-,-,03,2014,
1071,63.0,52.0,0.10,-,-,03,2014,
1072,60.1,48.9,0.00,-,-,03,2014,
1073,57.9,44.1,0.00,-,-,03,2014,
1074,66.9,46.9,0.23,-,-,03,2014,
1075,63.0,45.0,0.00,-,-,03,2014,
1076,62.1,43.0,0.00,-,-,03,2014,
1077,62.1,45.0,0.01,-,-,03,2014,
1078,64.9,39.0,0.00,-,-,03,2014,
1079,64.9,39.9,0.00,-,-,03,2014,
1080,63.0,42.1,0.02,-,-,03,2014,
1081,64.0,41.0,0.00,-,-,03,2014,
1082,66.0,41.0,0.00,-,-,03,2014,
1083,70.0,42.1,0.00,-,-,03,2014,
1084,69.1,42.1,0.00,-,-,03,2014,
1085,70.0,41.0,0.00,-,-,03,2014,
1086,71.1,48.0,0.00,-,-,03,2014,
1087,63.0,46.0,0.05,-,-,03,2014,
1088,61.0,52.0,0.70,-,-,03,2014,
1089,64.9,44.1,1.00,-,-,03,2014,
1090,04,2014,,,,,,
1091,61.0,51.1,0.30,-,-,04,2014,
1092,66.0,50.0,0.01,-,-,04,2014,
1093,62.1,48.0,0.30,-,-,04,2014,
1094,66.0,48.9,0.01,-,-,04,2014,
1095,66.0,53.1,0.00,-,-,04,2014,
1096,69.1,52.0,0.03,-,-,04,2014,
1097,60.1,44.1,0.00,-,-,04,2014,
1098,69.1,43.0,0.00,-,-,04,2014,
1099,73.9,50.0,0.00,-,-,04,2014,
1100,73.0,55.0,0.00,-,-,04,2014,
1101,69.1,45.0,0.00,-,-,04,2014,
1102,72.0,46.9,0.00,-,-,04,2014,
1103,77.0,43.0,0.00,-,-,04,2014,
1104,78.1,43.0,0.00,-,-,04,2014,
1105,78.1,44.1,0.00,-,-,04,2014,
1106,80.1,45.0,0.00,-,-,04,2014,
1107,80.1,45.0,0.00,-,-,04,2014,
1108,68.0,42.1,0.00,-,-,04,2014,
1109,73.0,41.0,0.00,-,-,04,2014,
1110,75.0,44.1,0.00,-,-,04,2014,
1111,73.9,42.1,0.00,-,-,04,2014,
1112,68.0,43.0,0.00,-,-,04,2014,
1113,70.0,46.0,0.00,-,-,04,2014,
1114,70.0,42.1,0.00,-,-,04,2014,
1115,73.0,44.1,0.00,-,-,04,2014,
1116,64.9,44.1,0.12,-,-,04,2014,
1117,64.9,48.9,0.22,-,-,04,2014,
1118,68.0,50.0,0.01,-,-,04,2014,
1119,72.0,53.1,0.00,-,-,04,2014,
1120,62.1,45.0,0.33,-,-,04,2014,
1121,63.0,42.1,0.10,-,-,04,2014,
1122,05,2014,,,,,,
1123,63.0,41.0,0.60,-,-,05,2014,
1124,60.1,39.9,0.58,-,-,05,2014,
1125,61.0,39.9,0.05,-,-,05,2014,
1126,64.0,41.0,0.20,-,-,05,2014,
1127,68.0,45.0,0.20,-,-,05,2014,
1128,77.0,48.0,0.00,-,-,05,2014,
1129,81.0,52.0,0.00,-,-,05,2014,
1130,82.9,51.1,0.00,-,-,05,2014,
1131,73.0,48.0,0.00,-,-,05,2014,
1132,78.1,52.0,0.00,-,-,05,2014,
1133,68.0,52.0,0.00,-,-,05,2014,
1134,69.1,52.0,0.00,-,-,05,2014,
1135,75.9,50.0,0.00,-,-,05,2014,
1136,73.9,50.0,0.00,-,-,05,2014,
1137,70.0,46.9,0.00,-,-,05,2014,
1138,73.9,48.0,0.00,-,-,05,2014,
1139,80.1,48.0,0.00,-,-,05,2014,
1140,71.1,46.0,0.00,-,-,05,2014,
1141,73.0,46.9,0.00,-,-,05,2014,
1142,79.0,46.0,0.00,-,-,05,2014,
1143,61.0,44.1,0.00,-,-,05,2014,
1144,68.0,48.0,0.00,-,-,05,2014,
1145,68.0,53.1,0.10,-,-,05,2014,
1146,57.9,46.0,0.25,-,-,05,2014,
1147,64.0,48.9,0.00,-,-,05,2014,
1148,70.0,43.0,0.00,-,-,05,2014,
1149,86.0,52.0,0.00,-,-,05,2014,
1150,91.0,53.1,0.00,-,-,05,2014,
1151,06,2014,,,,,,
1152,91.0,51.1,0.00,-,-,06,2014,
1153,80.1,52.0,0.00,-,-,06,2014,
1154,66.9,50.0,0.00,-,-,06,2014,
1155,72.0,39.9,0.00,-,-,06,2014,
1156,72.0,50.0,0.00,-,-,06,2014,
1157,73.0,46.0,0.00,-,-,06,2014,
1158,71.1,50.0,0.00,-,-,06,2014,
1159,66.9,57.0,0.00,-,-,06,2014,
1160,72.0,48.0,0.00,-,-,06,2014,
1161,71.1,46.0,0.00,-,-,06,2014,
1162,79.0,46.9,0.00,-,-,06,2014,
1163,-,-,0.00,-,-,06,2014,
1164,93.9,52.0,0.00,-,-,06,2014,
1165,-,-,0.00,-,-,06,2014,
1166,93.0,54.0,0.00,-,-,06,2014,
1167,93.9,51.1,0.00,-,-,06,2014,
1168,90.0,53.1,0.00,-,-,06,2014,
1169,77.0,53.1,0.00,-,-,06,2014,
1170,71.1,52.0,0.00,-,-,06,2014,
1171,71.1,51.1,0.00,-,-,06,2014,
1172,78.1,54.0,0.00,-,-,06,2014,
1173,73.9,55.0,0.00,-,-,06,2014,
1174,70.0,53.1,0.00,-,-,06,2014,
1175,72.0,52.0,0.00,-,-,06,2014,
1176,82.9,52.0,0.00,-,-,06,2014,
1177,-,-,0.00,-,-,06,2014,
1178,84.9,46.0,0.00,-,-,06,2014,
1179,79.0,48.9,0.00,-,-,06,2014,
1180,84.9,48.0,0.00,-,-,06,2014,
1181,07,2014,,,,,,
1182,73.9,48.9,0.00,-,-,07,2014,
1183,78.1,48.9,0.00,-,-,07,2014,
1184,80.1,54.0,0.00,-,-,07,2014,
1185,93.9,57.9,0.00,-,-,07,2014,
1186,93.9,55.0,0.00,-,-,07,2014,
1187,78.1,55.0,0.00,-,-,07,2014,
1188,78.1,48.9,0.00,-,-,07,2014,
1189,80.1,53.1,0.00,-,-,07,2014,
1190,88.0,52.0,0.00,-,-,07,2014,
1191,77.0,52.0,0.00,-,-,07,2014,
1192,73.0,48.9,0.00,-,-,07,2014,
1193,80.1,50.0,0.00,-,-,07,2014,
1194,90.0,52.0,0.00,-,-,07,2014,
1195,73.0,50.0,0.00,-,-,07,2014,
1196,75.9,54.0,0.00,-,-,07,2014,
1197,73.9,59.0,0.00,-,-,07,2014,
1198,78.1,55.0,0.00,-,-,07,2014,
1199,80.1,55.9,0.00,-,-,07,2014,
1200,81.0,54.0,0.00,-,-,07,2014,
1201,86.0,57.0,0.00,-,-,07,2014,
1202,08,2014,,,,,,
1203,88.0,59.0,0.00,-,-,08,2014,
1204,80.1,55.9,0.00,-,-,08,2014,
1205,09,2014,,,,,,
1206,79.0,57.0,0.00,-,-,09,2014,
1207,80.1,57.9,0.00,-,-,09,2014,
1208,75.0,57.9,0.00,-,-,09,2014,
1209,75.0,57.9,0.00,-,-,09,2014,
1210,81.0,60.1,0.00,-,-,09,2014,
1211,75.9,62.1,0.00,-,-,09,2014,
1212,84.9,60.1,0.00,-,-,09,2014,
1213,75.9,57.0,0.00,-,-,09,2014,
1214,78.1,54.0,0.00,-,-,09,2014,
1215,75.9,57.0,0.00,-,-,09,2014,
1216,77.0,59.0,0.00,-,-,09,2014,
1217,78.1,54.0,0.00,-,-,09,2014,
1218,78.1,55.0,0.00,-,-,09,2014,
1219,79.0,59.0,0.00,-,-,09,2014,
1220,78.1,57.9,0.00,-,-,09,2014,
1221,79.0,57.9,0.00,-,-,09,2014,
1222,78.1,55.0,0.00,-,-,09,2014,
1223,75.9,57.9,0.00,-,-,09,2014,
1224,73.9,60.1,0.00,-,-,09,2014,
1225,80.1,57.9,0.00,-,-,09,2014,
1226,80.1,57.9,0.00,-,-,09,2014,
1227,80.1,57.9,0.00,-,-,09,2014,
1228,82.0,57.9,0.00,-,-,09,2014,
1229,78.1,60.1,0.00,-,-,09,2014,
1230,79.0,59.0,0.00,-,-,09,2014,
1231,79.0,55.0,0.00,-,-,09,2014,
1232,77.0,55.9,0.00,-,-,09,2014,
1233,82.0,57.9,0.00,-,-,09,2014,
1234,80.1,57.9,0.00,-,-,09,2014,
1235,81.0,57.9,0.00,-,-,09,2014,
1236,84.9,57.0,0.00,-,-,09,2014,
1237,10,2014,,,,,,
1238,80.1,55.9,0.00,-,-,10,2014,
1239,87.1,55.9,0.00,-,-,10,2014,
1240,78.1,57.0,0.00,-,-,10,2014,
1241,80.1,60.1,0.00,-,-,10,2014,
1242,79.0,60.1,0.00,-,-,10,2014,
1243,75.9,57.9,0.00,-,-,10,2014,
1244,78.1,53.1,0.00,-,-,10,2014,
1245,73.9,54.0,0.00,-,-,10,2014,
1246,88.0,54.0,0.00,-,-,10,2014,
1247,87.1,53.1,0.00,-,-,10,2014,
1248,88.0,51.1,0.00,-,-,10,2014,
1249,87.1,55.0,0.00,-,-,10,2014,
1250,82.9,55.9,0.00,-,-,10,2014,
1251,80.1,55.9,0.00,-,-,10,2014,
1252,78.1,55.0,0.00,-,-,10,2014,
1253,79.0,53.1,0.00,-,-,10,2014,
1254,82.9,53.1,0.00,-,-,10,2014,
1255,82.9,53.1,0.20,-,-,10,2014,
1256,82.9,50.0,0.00,-,-,10,2014,
1257,82.9,50.0,0.00,-,-,10,2014,
1258,75.9,61.0,0.00,-,-,10,2014,
1259,75.9,61.0,0.00,-,-,10,2014,
1260,79.0,55.9,0.00,-,-,10,2014,
1261,78.1,55.0,0.00,-,-,10,2014,
1262,81.0,59.0,0.00,-,-,10,2014,
1263,73.0,54.0,0.00,-,-,10,2014,
1264,75.0,55.0,0.00,-,-,10,2014,
1265,77.0,53.1,0.00,-,-,10,2014,
1266,80.1,55.9,0.00,-,-,10,2014,
1267,72.0,53.1,0.00,-,-,10,2014,
1268,11,2014,,,,,,
1269,75.0,53.1,0.00,-,-,11,2014,
1270,84.9,51.1,0.00,-,-,11,2014,
1271,88.0,50.0,0.00,-,-,11,2014,
1272,91.0,50.0,0.00,-,-,11,2014,
1273,89.1,53.1,0.00,-,-,11,2014,
1274,89.1,51.1,0.00,-,-,11,2014,
1275,89.1,51.1,0.00,-,-,11,2014,
1276,80.1,52.0,0.00,-,-,11,2014,
1277,70.0,53.1,0.00,-,-,11,2014,
1278,69.1,50.0,0.00,-,-,11,2014,
1279,59.0,51.1,0.00,-,-,11,2014,
1280,75.9,51.1,0.00,-,-,11,2014,
1281,87.1,51.1,0.00,-,-,11,2014,
1282,82.9,50.0,0.00,-,-,11,2014,
1283,82.9,50.0,0.00,-,-,11,2014,
1284,73.0,50.0,0.00,-,-,11,2014,
1285,73.0,50.0,0.00,-,-,11,2014,
1286,73.9,48.9,0.00,-,-,11,2014,
1287,77.0,53.1,0.00,-,-,11,2014,
1288,73.0,55.0,0.00,-,-,11,2014,
1289,66.9,48.0,0.00,-,-,11,2014,
1290,70.0,48.0,0.00,-,-,11,2014,
1291,71.1,48.0,0.00,-,-,11,2014,
1292,73.0,52.0,0.00,-,-,11,2014,
1293,71.1,52.0,0.10,-,-,11,2014,
1294,71.1,48.9,0.02,-,-,11,2014,
1295,66.9,46.0,0.00,-,-,11,2014,
1296,57.0,45.0,0.00,-,-,11,2014,
1297,71.1,45.0,0.00,-,-,11,2014,
1298,78.1,48.0,0.00,-,-,11,2014,
1299,73.0,55.9,0.00,-,-,11,2014,
1300,12,2014,,,,,,
1301,62.1,51.1,0.20,-,-,12,2014,
1302,62.1,44.1,0.00,-,-,12,2014,
1303,64.0,42.1,0.00,-,-,12,2014,
1304,66.9,42.1,0.00,-,-,12,2014,
1305,69.1,44.1,0.00,-,-,12,2014,
1306,72.0,46.0,0.00,-,-,12,2014,
1307,71.1,48.0,0.00,-,-,12,2014,
1308,68.0,48.9,0.00,-,-,12,2014,
1309,72.0,48.0,0.00,-,-,12,2014,
1310,72.0,46.9,0.00,-,-,12,2014,
1311,64.9,48.9,0.00,-,-,12,2014,
1312,66.0,50.0,0.00,-,-,12,2014,
1313,66.0,50.0,0.16,-,-,12,2014,
1314,64.9,48.9,0.00,-,-,12,2014,
1315,64.0,46.0,0.00,-,-,12,2014,
1316,64.0,45.0,0.00,-,-,12,2014,
1317,62.1,42.1,0.00,-,-,12,2014,
1318,63.0,42.1,0.00,-,-,12,2014,
1319,66.9,43.0,0.00,-,-,12,2014,
1320,66.9,43.0,0.00,-,-,12,2014,
1321,66.9,43.0,0.20,-,-,12,2014,
1322,64.9,44.1,0.00,-,-,12,2014,
1323,66.0,46.0,0.20,-,-,12,2014,
1324,66.0,39.9,0.00,-,-,12,2014,
1325,64.0,39.9,0.00,-,-,12,2014,
1326,64.0,39.9,0.00,-,-,12,2014,
1327,66.0,42.1,0.00,-,-,12,2014,
1328,64.9,41.0,0.00,-,-,12,2014,
1329,61.0,48.0,0.06,-,-,12,2014,
1330,01,2015,,,,,,
1331,64.9,51.1,0.55,-,-,01,2015,
1332,66.0,51.1,1.01,-,-,01,2015,
1333,59.0,54.0,1.65,-,-,01,2015,
1334,64.0,55.9,0.11,-,-,01,2015,
1335,64.0,57.0,0.28,-,-,01,2015,
1336,64.0,57.0,0.00,-,-,01,2015,
1337,66.0,51.1,0.00,-,-,01,2015,
1338,66.0,48.9,0.00,-,-,01,2015,
1339,66.9,48.9,0.00,-,-,01,2015,
1340,64.9,53.1,0.13,-,-,01,2015,
1341,60.1,48.0,2.16,-,-,01,2015,
1342,53.1,41.0,0.10,-,-,01,2015,
1343,54.0,41.0,0.00,-,-,01,2015,
1344,59.0,45.0,0.00,-,-,01,2015,
1345,55.0,48.9,0.00,-,-,01,2015,
1346,55.0,46.9,0.24,-,-,01,2015,
1347,66.0,45.0,0.40,-,-,01,2015,
1348,60.1,45.0,0.20,-,-,01,2015,
1349,60.1,45.0,0.05,-,-,01,2015,
1350,57.9,54.0,0.35,-,-,01,2015,
1351,63.0,52.0,0.03,-,-,01,2015,
1352,60.1,51.1,0.03,-,-,01,2015,
1353,62.1,46.9,0.00,-,-,01,2015,
1354,64.9,46.9,0.00,-,-,01,2015,
1355,60.1,39.9,0.10,-,-,01,2015,
1356,60.1,37.9,0.00,-,-,01,2015,
1357,60.1,32.0,0.00,-,-,01,2015,
1358,60.1,32.0,0.00,-,-,01,2015,
1359,59.0,36.0,0.00,-,-,01,2015,
1360,60.1,37.0,0.00,-,-,01,2015,
1361,52.0,34.0,0.00,-,-,01,2015,
1362,02,2015,,,,,,
1363,53.1,30.0,0.00,-,-,02,2015,
1364,53.1,30.0,0.00,-,-,02,2015,
1365,50.0,30.0,0.00,-,-,02,2015,
1366,52.0,30.0,0.00,-,-,02,2015,
1367,55.0,36.0,0.00,-,-,02,2015,
1368,57.9,36.0,0.00,-,-,02,2015,
1369,60.1,36.0,0.00,-,-,02,2015,
1370,64.0,37.0,0.00,-,-,02,2015,
1371,59.0,42.1,0.00,-,-,02,2015,
1372,63.0,42.1,0.00,-,-,02,2015,
1373,63.0,41.0,0.00,-,-,02,2015,
1374,63.0,39.9,0.00,-,-,02,2015,
1375,63.0,39.9,0.00,-,-,02,2015,
1376,63.0,36.0,0.00,-,-,02,2015,
1377,57.9,37.0,0.00,-,-,02,2015,
1378,59.0,39.9,0.00,-,-,02,2015,
1379,62.1,39.9,0.00,-,-,02,2015,
1380,60.1,39.9,0.00,-,-,02,2015,
1381,61.0,39.0,0.00,-,-,02,2015,
1382,60.1,44.1,0.00,-,-,02,2015,
1383,61.0,39.0,0.00,-,-,02,2015,
1384,61.0,39.0,0.00,-,-,02,2015,
1385,61.0,37.9,0.00,-,-,02,2015,
1386,61.0,37.9,0.00,-,-,02,2015,
1387,66.9,37.9,0.00,-,-,02,2015,
1388,61.0,39.0,0.00,-,-,02,2015,
1389,68.0,39.0,0.00,-,-,02,2015,
1390,03,2015,,,,,,
1391,70.0,39.0,0.00,-,-,03,2015,
1392,66.0,42.1,0.00,-,-,03,2015,
1393,68.0,44.1,0.00,-,-,03,2015,
1394,64.0,46.0,0.00,-,-,03,2015,
1395,63.0,46.9,0.00,-,-,03,2015,
1396,63.0,46.9,1.58,-,-,03,2015,
1397,64.9,46.9,0.36,-,-,03,2015,
1398,62.1,53.1,1.02,-,-,03,2015,
1399,64.9,43.0,0.00,-,-,03,2015,
1400,66.9,42.1,0.00,-,-,03,2015,
1401,70.0,45.0,0.00,-,-,03,2015,
1402,72.0,45.0,0.00,-,-,03,2015,
1403,72.0,44.1,0.00,-,-,03,2015,
1404,73.9,43.0,0.00,-,-,03,2015,
1405,57.0,53.1,0.00,-,-,03,2015,
1406,64.0,46.9,0.00,-,-,03,2015,
1407,69.1,43.0,0.00,-,-,03,2015,
1408,70.0,44.1,0.00,-,-,03,2015,
1409,64.9,44.1,0.00,-,-,03,2015,
1410,66.9,36.0,0.00,-,-,03,2015,
1411,70.0,46.9,0.00,-,-,03,2015,
1412,62.1,46.0,0.00,-,-,03,2015,
1413,04,2015,,,,,,
1414,60.1,41.0,0.08,-,-,04,2015,
1415,64.0,39.9,0.00,-,-,04,2015,
1416,62.1,39.0,0.00,-,-,04,2015,
1417,71.1,39.0,0.00,-,-,04,2015,
1418,73.0,39.0,0.00,-,-,04,2015,
1419,73.9,45.0,0.00,-,-,04,2015,
1420,70.0,46.0,0.00,-,-,04,2015,
1421,66.9,53.1,0.06,-,-,04,2015,
1422,84.0,48.9,0.00,-,-,04,2015,
1423,71.1,45.0,0.00,-,-,04,2015,
1424,79.0,46.0,0.00,-,-,04,2015,
1425,69.1,46.0,0.00,-,-,04,2015,
1426,68.0,48.0,0.00,-,-,04,2015,
1427,82.9,48.9,0.00,-,-,04,2015,
1428,78.1,45.0,0.00,-,-,04,2015,
1429,05,2015,,,,,,
1430,71.1,43.0,0.00,-,-,05,2015,
1431,70.0,42.1,0.00,-,-,05,2015,
1432,72.0,41.0,0.00,-,-,05,2015,
1433,71.1,42.1,0.00,-,-,05,2015,
1434,73.0,41.0,0.00,-,-,05,2015,
1435,63.0,39.0,0.07,-,-,05,2015,
1436,66.0,39.9,0.50,-,-,05,2015,
1437,63.0,46.9,0.06,-,-,05,2015,
1438,66.0,45.0,0.00,-,-,05,2015,
1439,71.1,42.1,0.00,-,-,05,2015,
1440,73.0,43.0,0.00,-,-,05,2015,
1441,73.9,43.0,0.00,-,-,05,2015,
1442,75.0,44.1,0.00,-,-,05,2015,
1443,79.0,46.0,0.00,-,-,05,2015,
1444,68.0,43.0,0.00,-,-,05,2015,
1445,73.0,44.1,0.00,-,-,05,2015,
1446,81.0,46.0,0.00,-,-,05,2015,
1447,78.1,46.9,0.00,-,-,05,2015,
1448,79.0,46.9,0.00,-,-,05,2015,
1449,79.0,46.9,0.00,-,-,05,2015,
1450,79.0,46.9,0.00,-,-,05,2015,
1451,79.0,46.9,0.00,-,-,05,2015,
1452,77.0,48.0,0.00,-,-,05,2015,
1453,72.0,48.9,0.00,-,-,05,2015,
1454,68.0,53.1,0.00,-,-,05,2015,
1455,82.0,46.9,0.00,-,-,05,2015,
1456,84.9,46.9,0.00,-,-,05,2015,
1457,73.0,46.9,0.00,-,-,05,2015,
1458,69.1,48.9,0.00,-,-,05,2015,
1459,71.1,53.1,0.00,-,-,05,2015,
1460,06,2015,,,,,,
1461,82.9,55.0,0.00,-,-,06,2015,
1462,82.0,55.0,0.00,-,-,06,2015,
1463,79.0,53.1,0.00,-,-,06,2015,
1464,72.0,39.9,0.00,-,-,06,2015,
1465,70.0,46.0,0.00,-,-,06,2015,
1466,72.0,48.9,0.00,-,-,06,2015,
1467,73.0,45.0,0.00,-,-,06,2015,
1468,73.0,45.0,0.00,-,-,06,2015,
1469,73.0,45.0,0.00,-,-,06,2015,
1470,68.0,52.0,0.00,-,-,06,2015,
1471,69.1,46.9,0.00,-,-,06,2015,
1472,66.0,46.9,0.00,-,-,06,2015,
1473,68.0,48.0,0.00,-,-,06,2015,
1474,69.1,52.0,0.00,-,-,06,2015,
1475,68.0,48.9,0.49,-,-,06,2015,
1476,68.0,48.9,0.00,-,-,06,2015,
1477,69.1,46.9,0.00,-,-,06,2015,
1478,66.0,53.1,0.00,-,-,06,2015,
1479,63.0,54.0,0.00,-,-,06,2015,
1480,66.9,55.0,0.00,-,-,06,2015,
1481,66.9,54.0,0.00,-,-,06,2015,
1482,69.1,53.1,0.00,-,-,06,2015,
1483,68.0,55.9,0.00,-,-,06,2015,
1484,73.0,46.9,0.00,-,-,06,2015,
1485,72.0,55.0,-,-,-,06,2015,
1486,73.9,55.0,0.00,-,-,06,2015,
1487,70.0,52.0,0.00,-,-,06,2015,
1488,-,-,0.00,-,-,06,2015,
1489,71.1,53.1,0.00,-,-,06,2015,
1490,07,2015,,,,,,
1491,66.0,53.1,0.00,-,-,07,2015,
1492,70.0,54.0,0.00,-,-,07,2015,
1493,75.9,50.0,-,-,-,07,2015,
1494,-,-,0.00,-,-,07,2015,
1495,78.1,53.1,0.00,-,-,07,2015,
1496,81.0,55.9,0.00,-,-,07,2015,
1497,93.9,59.0,-,-,-,07,2015,
1498,82.9,62.1,-,-,-,07,2015,
1499,82.9,52.0,-,-,-,07,2015,
1500,81.0,57.0,-,-,-,07,2015,
1501,84.0,57.9,0.00,-,-,07,2015,
1502,84.0,50.0,0.00,-,-,07,2015,
1503,81.0,59.0,0.00,-,-,07,2015,
1504,75.0,52.0,0.00,-,-,07,2015,
1505,73.0,51.1,0.00,-,-,07,2015,
1506,75.9,51.1,0.00,-,-,07,2015,
1507,77.0,51.1,0.00,-,-,07,2015,
1508,77.0,50.0,0.00,-,-,07,2015,
1509,78.1,50.0,0.00,-,-,07,2015,
1510,77.0,50.0,0.00,-,-,07,2015,
1511,75.0,50.0,0.00,-,-,07,2015,
1512,71.1,50.0,0.00,-,-,07,2015,
1513,80.1,53.1,0.00,-,-,07,2015,
1514,79.0,55.9,0.00,-,-,07,2015,
1515,87.1,55.9,0.00,-,-,07,2015,
1516,82.9,59.0,0.00,-,-,07,2015,
1517,79.0,62.1,0.00,-,-,07,2015,
1518,78.1,59.0,0.00,-,-,07,2015,
1519,08,2015,,,,,,
1520,88.0,61.0,0.00,-,-,08,2015,
1521,88.0,61.0,0.00,-,-,08,2015,
1522,80.1,63.0,0.00,-,-,08,2015,
1523,79.0,63.0,0.00,-,-,08,2015,
1524,82.9,62.1,0.00,-,-,08,2015,
1525,80.1,61.0,0.00,-,-,08,2015,
1526,82.0,57.0,0.00,-,-,08,2015,
1527,82.0,60.1,0.00,-,-,08,2015,
1528,78.1,59.0,0.10,-,-,08,2015,
1529,72.0,55.0,0.00,-,-,08,2015,
1530,78.1,59.0,0.00,-,-,08,2015,
1531,81.0,55.9,0.00,-,-,08,2015,
1532,82.9,55.9,0.00,-,-,08,2015,
1533,78.1,55.0,0.00,-,-,08,2015,
1534,84.0,55.0,0.00,-,-,08,2015,
1535,82.9,60.1,0.00,-,-,08,2015,
1536,81.0,62.1,0.00,-,-,08,2015,
1537,81.0,62.1,0.00,-,-,08,2015,
1538,90.0,62.1,0.00,-,-,08,2015,
1539,89.1,61.0,0.00,-,-,08,2015,
1540,79.0,57.9,0.00,-,-,08,2015,
1541,80.1,57.9,0.00,-,-,08,2015,
1542,78.1,52.0,0.00,-,-,08,2015,
1543,79.0,52.0,0.00,-,-,08,2015,
1544,98.1,54.0,0.00,-,-,08,2015,
1545,89.1,61.0,0.00,-,-,08,2015,
1546,80.1,63.0,0.00,-,-,08,2015,
1547,09,2015,,,,,,
1548,80.1,62.1,0.00,-,-,09,2015,
1549,80.1,60.1,0.00,-,-,09,2015,
1550,78.1,57.9,0.00,-,-,09,2015,
1551,82.0,55.0,0.00,-,-,09,2015,
1552,82.0,57.0,0.00,-,-,09,2015,
1553,81.0,62.1,0.00,-,-,09,2015,
1554,80.1,54.0,0.00,-,-,09,2015,
1555,82.9,57.0,0.00,-,-,09,2015,
1556,84.0,57.0,0.00,-,-,09,2015,
1557,79.0,54.0,0.00,-,-,09,2015,
1558,82.0,54.0,0.00,-,-,09,2015,
1559,82.0,55.0,0.00,-,-,09,2015,
1560,96.1,55.0,0.00,-,-,09,2015,
1561,96.1,55.0,0.00,-,-,09,2015,
1562,98.1,60.1,0.00,-,-,09,2015,
1563,89.1,62.1,0.00,-,-,09,2015,
1564,82.0,61.0,0.00,-,-,09,2015,
1565,79.0,63.0,0.00,-,-,09,2015,
1566,75.0,60.1,0.00,-,-,09,2015,
1567,78.1,59.0,0.00,-,-,09,2015,
1568,78.1,59.0,0.00,-,-,09,2015,
1569,77.0,55.0,0.00,-,-,09,2015,
1570,84.0,57.0,0.00,-,-,09,2015,
1571,80.1,57.9,0.00,-,-,09,2015,
1572,10,2015,,,,,,
1573,84.9,55.0,0.00,-,-,10,2015,
1574,82.9,55.0,0.00,-,-,10,2015,
1575,79.0,50.0,0.00,-,-,10,2015,
1576,78.1,48.9,0.00,-,-,10,2015,
1577,82.9,50.0,0.00,-,-,10,2015,
1578,89.1,50.0,0.00,-,-,10,2015,
1579,93.0,52.0,0.00,-,-,10,2015,
1580,97.0,55.0,0.00,-,-,10,2015,
1581,97.0,55.0,0.00,-,-,10,2015,
1582,95.0,62.1,0.00,-,-,10,2015,
1583,89.1,59.0,0.00,-,-,10,2015,
1584,89.1,59.0,0.00,-,-,10,2015,
1585,89.1,59.0,0.00,-,-,10,2015,
1586,89.1,52.0,0.00,-,-,10,2015,
1587,81.0,55.0,0.00,-,-,10,2015,
1588,77.0,52.0,0.00,-,-,10,2015,
1589,84.9,51.1,0.00,-,-,10,2015,
1590,88.0,55.0,0.00,-,-,10,2015,
1591,95.0,55.0,0.00,-,-,10,2015,
1592,97.0,57.0,0.00,-,-,10,2015,
1593,77.0,50.0,0.00,-,-,10,2015,
1594,82.9,55.9,0.00,-,-,10,2015,
1595,90.0,55.9,0.00,-,-,10,2015,
1596,86.0,57.9,0.00,-,-,10,2015,
1597,88.0,57.0,0.00,-,-,10,2015,
1598,78.1,55.0,0.00,-,-,10,2015,
1599,73.9,57.9,0.00,-,-,10,2015,
1600,69.1,57.0,0.00,-,-,10,2015,
1601,11,2015,,,,,,
1602,64.0,57.9,0.04,-,-,11,2015,
1603,78.1,53.1,0.00,-,-,11,2015,
1604,82.9,52.0,0.00,-,-,11,2015,
1605,78.1,48.9,0.00,-,-,11,2015,
1606,78.1,51.1,0.00,-,-,11,2015,
1607,77.0,53.1,0.00,-,-,11,2015,
1608,77.0,53.1,0.00,-,-,11,2015,
1609,78.1,55.9,0.00,-,-,11,2015,
1610,84.0,54.0,0.00,-,-,11,2015,
1611,82.9,54.0,0.00,-,-,11,2015,
1612,81.0,52.0,0.00,-,-,11,2015,
1613,80.1,54.0,0.00,-,-,11,2015,
1614,81.0,53.1,0.00,-,-,11,2015,
1615,89.1,57.0,0.00,-,-,11,2015,
1616,80.1,59.0,0.00,-,-,11,2015,
1617,80.1,60.1,0.00,-,-,11,2015,
1618,75.9,59.0,0.01,-,-,11,2015,
1619,72.0,53.1,0.00,-,-,11,2015,
1620,73.0,59.0,0.00,-,-,11,2015,
1621,72.0,52.0,0.00,-,-,11,2015,
1622,69.1,48.0,0.00,-,-,11,2015,
1623,81.0,50.0,0.00,-,-,11,2015,
1624,75.0,51.1,0.00,-,-,11,2015,
1625,79.0,50.0,0.00,-,-,11,2015,
1626,79.0,55.0,0.00,-,-,11,2015,
1627,71.1,51.1,0.00,-,-,11,2015,
1628,75.0,54.0,0.00,-,-,11,2015,
1629,68.0,55.0,0.00,-,-,11,2015,
1630,69.1,48.9,0.00,-,-,11,2015,
1631,12,2015,,,,,,
1632,79.0,50.0,0.00,-,-,12,2015,
1633,71.1,55.0,0.00,-,-,12,2015,
1634,62.1,44.1,0.01,-,-,12,2015,
1635,64.0,39.9,0.00,-,-,12,2015,
1636,64.0,41.0,0.00,-,-,12,2015,
1637,64.9,39.9,0.00,-,-,12,2015,
1638,64.9,39.9,0.00,-,-,12,2015,
1639,61.0,44.1,0.04,-,-,12,2015,
1640,55.0,42.1,0.33,-,-,12,2015,
1641,57.0,37.0,0.00,-,-,12,2015,
1642,60.1,37.0,0.00,-,-,12,2015,
1643,61.0,39.0,0.00,-,-,12,2015,
1644,64.9,39.0,0.00,-,-,12,2015,
1645,62.1,42.1,0.35,-,-,12,2015,
1646,57.0,39.9,0.00,-,-,12,2015,
1647,57.9,42.1,0.00,-,-,12,2015,
1648,62.1,42.1,0.00,-,-,12,2015,
1649,64.0,43.0,0.00,-,-,12,2015,
1650,64.0,42.1,0.00,-,-,12,2015,
1651,69.1,44.1,0.00,-,-,12,2015,
1652,66.9,43.0,0.00,-,-,12,2015,
1653,57.9,44.1,0.00,-,-,12,2015,
1654,57.0,37.9,0.25,-,-,12,2015,
1655,52.0,33.1,0.00,-,-,12,2015,
1656,52.0,30.9,0.00,-,-,12,2015,
1657,54.0,30.9,0.00,-,-,12,2015,
1658,53.1,28.9,0.00,-,-,12,2015,
1659,55.0,28.9,0.00,-,-,12,2015,
1660,01,2016,,,,,,
1661,57.9,36.0,0.00,-,-,01,2016,
1662,57.0,39.9,0.00,-,-,01,2016,
1663,59.0,39.0,0.17,-,-,01,2016,
1664,57.9,37.9,0.00,-,-,01,2016,
1665,55.0,42.1,0.00,-,-,01,2016,
1666,55.0,42.1,0.00,-,-,01,2016,
1667,60.1,46.0,0.00,-,-,01,2016,
1668,68.0,52.0,0.00,-,-,01,2016,
1669,64.0,55.0,0.15,-,-,01,2016,
1670,60.1,44.1,0.33,-,-,01,2016,
1671,55.9,39.9,0.00,-,-,01,2016,
1672,55.9,39.9,0.03,-,-,01,2016,
1673,54.0,36.0,0.31,-,-,01,2016,
1674,53.1,36.0,0.00,-,-,01,2016,
1675,54.0,33.1,0.00,-,-,01,2016,
1676,54.0,32.0,0.00,-,-,01,2016,
1677,62.1,35.1,0.15,-,-,01,2016,
1678,55.0,36.0,0.03,-,-,01,2016,
1679,54.0,39.0,0.10,-,-,01,2016,
1680,59.0,51.1,0.57,-,-,01,2016,
1681,57.9,48.0,0.13,-,-,01,2016,
1682,55.0,42.1,0.12,-,-,01,2016,
1683,50.0,35.1,0.22,-,-,01,2016,
1684,51.1,28.0,0.00,-,-,01,2016,
1685,50.0,27.0,0.11,-,-,01,2016,
1686,46.9,30.9,0.00,-,-,01,2016,
1687,52.0,30.9,0.00,-,-,01,2016,
1688,54.0,30.9,0.00,-,-,01,2016,
1689,02,2016,,,,,,
1690,50.0,32.0,0.00,-,-,02,2016,
1691,46.9,35.1,0.00,-,-,02,2016,
1692,51.1,41.0,0.00,-,-,02,2016,
1693,51.1,41.0,0.09,-,-,02,2016,
1694,59.0,46.9,0.66,-,-,02,2016,
1695,50.0,46.0,0.40,-,-,02,2016,
1696,52.0,42.1,0.21,-,-,02,2016,
1697,52.0,37.0,0.00,-,-,02,2016,
1698,55.9,39.9,0.00,-,-,02,2016,
1699,52.0,46.9,0.00,-,-,02,2016,
1700,55.0,48.0,0.20,-,-,02,2016,
1701,61.0,43.0,0.00,-,-,02,2016,
1702,60.1,39.0,0.00,-,-,02,2016,
1703,60.1,39.0,0.00,-,-,02,2016,
1704,63.0,41.0,1.45,-,-,02,2016,
1705,62.1,53.1,0.85,-,-,02,2016,
1706,62.1,44.1,0.00,-,-,02,2016,
1707,62.1,44.1,0.00,-,-,02,2016,
1708,63.0,45.0,0.10,-,-,02,2016,
1709,57.0,41.0,0.00,-,-,02,2016,
1710,57.0,44.1,0.00,-,-,02,2016,
1711,59.0,42.1,0.00,-,-,02,2016,
1712,59.0,42.1,0.00,-,-,02,2016,
1713,62.1,41.0,0.00,-,-,02,2016,
1714,60.1,43.0,0.00,-,-,02,2016,
1715,66.0,48.9,0.21,-,-,02,2016,
1716,57.0,46.0,0.50,-,-,02,2016,
1717,03,2016,,,,,,
1718,54.0,41.0,0.00,-,-,03,2016,
1719,-,-,0.11,-,-,03,2016,
1720,55.0,37.0,0.00,-,-,03,2016,
1721,55.9,37.9,0.00,-,-,03,2016,
1722,57.9,37.0,0.00,-,-,03,2016,
1723,61.0,37.0,0.00,-,-,03,2016,
1724,64.0,39.9,0.00,-,-,03,2016,
1725,70.0,41.0,0.00,-,-,03,2016,
1726,70.0,45.0,0.00,-,-,03,2016,
1727,72.0,43.0,0.00,-,-,03,2016,
1728,-,-,0.00,-,-,03,2016,
1729,69.1,45.0,0.00,-,-,03,2016,
1730,68.0,46.0,0.00,-,-,03,2016,
1731,66.9,44.1,0.00,-,-,03,2016,
1732,70.0,44.1,0.00,-,-,03,2016,
1733,75.9,46.9,0.00,-,-,03,2016,
1734,75.9,52.0,0.00,-,-,03,2016,
1735,66.9,46.9,0.10,-,-,03,2016,
1736,62.1,43.0,0.02,-,-,03,2016,
1737,64.9,44.1,0.02,-,-,03,2016,
1738,64.0,41.0,0.00,-,-,03,2016,
1739,64.9,43.0,0.00,-,-,03,2016,
1740,69.1,42.1,0.00,-,-,03,2016,
1741,71.1,42.1,0.00,-,-,03,2016,
1742,71.1,42.1,0.00,-,-,03,2016,
1743,73.0,48.0,0.00,-,-,03,2016,
1744,04,2016,,,,,,
1745,73.0,46.9,0.00,-,-,04,2016,
1746,71.1,46.9,0.00,-,-,04,2016,
1747,70.0,46.9,0.00,-,-,04,2016,
1748,64.9,55.0,0.00,-,-,04,2016,
1749,66.9,55.9,0.21,-,-,04,2016,
1750,61.0,46.9,1.11,-,-,04,2016,
1751,62.1,46.0,0.68,-,-,04,2016,
1752,55.9,41.0,0.06,-,-,04,2016,
1753,66.9,43.0,0.00,-,-,04,2016,
1754,70.0,54.0,0.24,-,-,04,2016,
1755,62.1,44.1,0.31,-,-,04,2016,
1756,57.9,52.0,0.37,-,-,04,2016,
1757,61.0,42.1,0.00,-,-,04,2016,
1758,66.9,42.1,0.00,-,-,04,2016,
1759,72.0,46.0,0.00,-,-,04,2016,
1760,77.0,46.0,0.00,-,-,04,2016,
1761,70.0,46.9,0.00,-,-,04,2016,
1762,70.0,46.9,0.00,-,-,04,2016,
1763,-,-,0.15,-,-,04,2016,
1764,66.9,43.0,0.20,-,-,04,2016,
1765,63.0,42.1,0.00,-,-,04,2016,
1766,66.9,42.1,0.00,-,-,04,2016,
1767,71.1,42.1,0.00,-,-,04,2016,
1768,70.0,44.1,0.00,-,-,04,2016,
1769,73.9,44.1,0.00,-,-,04,2016,
1770,68.0,46.9,0.00,-,-,04,2016,
1771,62.1,39.9,0.00,-,-,04,2016,
1772,66.9,39.0,0.00,-,-,04,2016,
1773,66.9,39.9,0.00,-,-,04,2016,
1774,05,2016,,,,,,
1775,66.9,42.1,0.00,-,-,05,2016,
1776,64.9,43.0,0.00,-,-,05,2016,
1777,70.0,51.1,0.00,-,-,05,2016,
1778,66.0,46.9,0.00,-,-,05,2016,
1779,75.0,45.0,0.00,-,-,05,2016,
1780,82.0,46.0,0.00,-,-,05,2016,
1781,87.1,48.9,0.00,-,-,05,2016,
1782,77.0,57.9,0.00,-,-,05,2016,
1783,64.0,55.9,0.39,-,-,05,2016,
1784,62.1,54.0,0.75,-,-,05,2016,
1785,57.0,52.0,0.02,-,-,05,2016,
1786,66.0,48.9,0.00,-,-,05,2016,
1787,60.1,46.9,0.00,-,-,05,2016,
1788,69.1,46.9,0.08,-,-,05,2016,
1789,64.9,46.0,0.00,-,-,05,2016,
1790,69.1,46.0,0.00,-,-,05,2016,
1791,81.0,46.9,0.00,-,-,05,2016,
1792,82.9,48.9,0.00,-,-,05,2016,
1793,87.1,50.0,0.00,-,-,05,2016,
1794,81.0,46.0,0.00,-,-,05,2016,
1795,77.0,46.0,0.01,-,-,05,2016,
1796,77.0,45.0,0.23,-,-,05,2016,
1797,78.1,46.0,0.00,-,-,05,2016,
1798,69.1,46.9,0.00,-,-,05,2016,
1799,66.0,42.1,0.00,-,-,05,2016,
1800,68.0,37.9,0.00,-,-,05,2016,
1801,63.0,45.0,0.02,-,-,05,2016,
1802,75.0,45.0,0.00,-,-,05,2016,
1803,73.9,46.9,0.00,-,-,05,2016,
1804,06,2016,,,,,,
1805,78.1,51.1,0.00,-,-,06,2016,
1806,84.9,51.1,0.00,-,-,06,2016,
1807,73.0,54.0,0.00,-,-,06,2016,
1808,71.1,54.0,0.00,-,-,06,2016,
1809,70.0,54.0,0.00,-,-,06,2016,
1810,70.0,54.0,0.00,-,-,06,2016,
1811,60.1,51.1,0.15,-,-,06,2016,
1812,63.0,54.0,0.05,-,-,06,2016,
1813,70.0,54.0,0.00,-,-,06,2016,
1814,71.1,55.0,0.00,-,-,06,2016,
1815,73.9,51.1,0.00,-,-,06,2016,
1816,73.9,54.0,0.00,-,-,06,2016,
1817,70.0,53.1,0.00,-,-,06,2016,
1818,70.0,48.9,0.00,-,-,06,2016,
1819,75.0,53.1,0.00,-,-,06,2016,
1820,75.9,50.0,0.00,-,-,06,2016,
1821,79.0,52.0,0.00,-,-,06,2016,
1822,89.1,52.0,0.00,-,-,06,2016,
1823,89.1,51.1,0.00,-,-,06,2016,
1824,75.0,48.9,0.00,-,-,06,2016,
1825,64.0,46.0,0.04,-,-,06,2016,
1826,68.0,46.0,0.00,-,-,06,2016,
1827,73.0,46.9,0.00,-,-,06,2016,
1828,73.0,54.0,0.00,-,-,06,2016,
1829,73.9,50.0,0.00,-,-,06,2016,
1830,75.9,48.9,0.00,-,-,06,2016,
1831,87.1,53.1,0.00,-,-,06,2016,
1832,80.1,54.0,0.00,-,-,06,2016,
1833,07,2016,,,,,,
1834,86.0,57.9,0.00,-,-,07,2016,
1835,82.9,55.9,0.00,-,-,07,2016,
1836,91.0,53.1,0.00,-,-,07,2016,
1837,90.0,59.0,0.00,-,-,07,2016,
1838,84.9,55.0,0.00,-,-,07,2016,
1839,80.1,55.0,0.00,-,-,07,2016,
1840,75.0,57.9,0.00,-,-,07,2016,
1841,75.9,57.0,0.00,-,-,07,2016,
1842,75.9,55.0,0.00,-,-,07,2016,
1843,75.9,52.0,0.00,-,-,07,2016,
1844,77.0,48.9,0.00,-,-,07,2016,
1845,86.0,55.0,0.00,-,-,07,2016,
1846,81.0,55.0,0.00,-,-,07,2016,
1847,79.0,53.1,0.00,-,-,07,2016,
1848,71.1,51.1,0.00,-,-,07,2016,
1849,70.0,52.0,0.00,-,-,07,2016,
1850,77.0,54.0,0.00,-,-,07,2016,
1851,75.0,53.1,0.00,-,-,07,2016,
1852,80.1,54.0,0.00,-,-,07,2016,
1853,89.1,53.1,0.00,-,-,07,2016,
1854,86.0,55.0,0.00,-,-,07,2016,
1855,90.0,55.0,0.00,-,-,07,2016,
1856,84.9,52.0,0.00,-,-,07,2016,
1857,86.0,53.1,0.00,-,-,07,2016,
1858,90.0,54.0,0.00,-,-,07,2016,
1859,91.0,54.0,0.00,-,-,07,2016,
1860,91.0,54.0,0.00,-,-,07,2016,
1861,80.1,52.0,0.00,-,-,07,2016,
1862,73.0,52.0,0.00,-,-,07,2016,
1863,08,2016,,,,,,
1864,72.0,46.9,0.00,-,-,08,2016,
1865,77.0,51.1,0.00,-,-,08,2016,
1866,81.0,54.0,0.00,-,-,08,2016,
1867,82.0,55.0,0.00,-,-,08,2016,
1868,79.0,57.9,0.00,-,-,08,2016,
1869,77.0,60.1,0.00,-,-,08,2016,
1870,78.1,52.0,0.00,-,-,08,2016,
1871,73.9,57.9,0.00,-,-,08,2016,
1872,81.0,52.0,0.00,-,-,08,2016,
1873,78.1,53.1,0.00,-,-,08,2016,
1874,82.0,53.1,0.00,-,-,08,2016,
1875,75.9,53.1,0.00,-,-,08,2016,
1876,84.9,55.0,0.00,-,-,08,2016,
1877,82.0,55.9,0.00,-,-,08,2016,
1878,79.0,59.0,0.00,-,-,08,2016,
1879,80.1,55.0,0.00,-,-,08,2016,
1880,78.1,53.1,0.00,-,-,08,2016,
1881,75.9,52.0,0.00,-,-,08,2016,
1882,75.9,51.1,0.00,-,-,08,2016,
1883,77.0,52.0,0.00,-,-,08,2016,
1884,79.0,51.1,0.00,-,-,08,2016,
1885,81.0,51.1,0.00,-,-,08,2016,
1886,86.0,54.0,0.00,-,-,08,2016,
1887,82.0,54.0,0.00,-,-,08,2016,
1888,81.0,55.0,0.00,-,-,08,2016,
1889,90.0,55.0,0.00,-,-,08,2016,
1890,87.1,57.0,0.00,-,-,08,2016,
1891,82.9,53.1,0.00,-,-,08,2016,
1892,78.1,52.0,0.00,-,-,08,2016,
1893,61.0,60.1,0.00,-,-,08,2016,
1894,09,2016,,,,,,
1895,75.9,60.1,0.00,-,-,09,2016,
1896,75.9,57.9,0.00,-,-,09,2016,
1897,77.0,55.0,0.00,-,-,09,2016,
1898,80.1,55.0,0.00,-,-,09,2016,
1899,73.0,57.9,0.00,-,-,09,2016,
1900,75.0,55.9,0.00,-,-,09,2016,
1901,72.0,48.9,0.00,-,-,09,2016,
1902,73.9,52.0,0.00,-,-,09,2016,
1903,80.1,54.0,0.00,-,-,09,2016,
1904,81.0,55.0,0.00,-,-,09,2016,
1905,80.1,57.9,0.00,-,-,09,2016,
1906,78.1,55.0,0.00,-,-,09,2016,
1907,82.0,55.0,0.00,-,-,09,2016,
1908,75.9,55.9,0.00,-,-,09,2016,
1909,75.9,57.0,0.00,-,-,09,2016,
1910,78.1,57.0,0.00,-,-,09,2016,
1911,78.1,55.9,0.00,-,-,09,2016,
1912,78.1,57.0,0.00,-,-,09,2016,
1913,-,-,0.00,-,-,09,2016,
1914,73.9,57.9,0.00,-,-,09,2016,
1915,73.9,57.9,0.00,-,-,09,2016,
1916,73.0,57.0,0.00,-,-,09,2016,
1917,75.0,60.1,0.00,-,-,09,2016,
1918,73.0,55.0,0.00,-,-,09,2016,
1919,75.9,57.0,0.00,-,-,09,2016,
1920,77.0,60.1,0.00,-,-,09,2016,
1921,73.9,46.9,0.00,-,-,09,2016,
1922,75.0,55.0,0.00,-,-,09,2016,
1923,75.0,55.0,0.00,-,-,09,2016,
1924,78.1,54.0,0.00,-,-,09,2016,
1925,10,2016,,,,,,
1926,79.0,54.0,0.00,-,-,10,2016,
1927,79.0,52.0,0.00,-,-,10,2016,
1928,79.0,53.1,0.00,-,-,10,2016,
1929,75.9,48.9,0.00,-,-,10,2016,
1930,-,-,0.00,-,-,10,2016,
1931,78.1,50.0,0.00,-,-,10,2016,
1932,84.0,50.0,0.00,-,-,10,2016,
1933,93.0,59.0,0.00,-,-,10,2016,
1934,-,-,0.00,-,-,10,2016,
1935,73.9,55.9,0.00,-,-,10,2016,
1936,73.0,53.1,0.00,-,-,10,2016,
1937,73.9,51.1,0.00,-,-,10,2016,
1938,73.9,50.0,0.00,-,-,10,2016,
1939,75.9,50.0,0.00,-,-,10,2016,
1940,77.0,51.1,0.00,-,-,10,2016,
1941,77.0,53.1,0.00,-,-,10,2016,
1942,75.9,53.1,0.00,-,-,10,2016,
1943,80.1,52.0,0.00,-,-,10,2016,
1944,91.9,51.1,0.00,-,-,10,2016,
1945,91.9,51.1,0.00,-,-,10,2016,
1946,79.0,48.0,0.00,-,-,10,2016,
1947,84.9,55.0,0.00,-,-,10,2016,
1948,93.0,55.0,0.00,-,-,10,2016,
1949,93.9,55.0,0.00,-,-,10,2016,
1950,89.1,54.0,0.00,-,-,10,2016,
1951,75.9,57.0,0.00,-,-,10,2016,
1952,11,2016,,,,,,
1953,70.0,46.0,0.00,-,-,11,2016,
1954,73.0,46.9,0.00,-,-,11,2016,
1955,71.1,46.9,0.00,-,-,11,2016,
1956,66.0,46.9,0.00,-,-,11,2016,
1957,71.1,33.1,0.00,-,-,11,2016,
1958,73.0,46.0,0.00,-,-,11,2016,
1959,77.0,46.0,0.00,-,-,11,2016,
1960,82.0,48.0,0.00,-,-,11,2016,
1961,86.0,48.0,0.00,-,-,11,2016,
1962,82.0,48.9,0.00,-,-,11,2016,
1963,66.0,46.9,0.00,-,-,11,2016,
1964,71.1,48.0,0.00,-,-,11,2016,
1965,66.9,57.9,0.39,-,-,11,2016,
1966,70.0,55.9,0.45,-,-,11,2016,
1967,64.9,55.0,0.88,-,-,11,2016,
1968,68.0,46.9,0.00,-,-,11,2016,
1969,68.0,46.9,0.00,-,-,11,2016,
1970,73.0,46.0,0.00,-,-,11,2016,
1971,78.1,46.9,0.00,-,-,11,2016,
1972,73.9,48.9,0.00,-,-,11,2016,
1973,68.0,46.9,0.00,-,-,11,2016,
1974,66.9,46.0,0.00,-,-,11,2016,
1975,66.9,37.0,0.00,-,-,11,2016,
1976,69.1,51.1,0.00,-,-,11,2016,
1977,75.0,50.0,0.00,-,-,11,2016,
1978,66.9,57.9,0.80,-,-,11,2016,
1979,66.0,42.1,0.10,-,-,11,2016,
1980,71.1,43.0,0.00,-,-,11,2016,
1981,12,2016,,,,,,
1982,64.9,48.0,0.10,-,-,12,2016,
1983,62.1,45.0,0.02,-,-,12,2016,
1984,64.9,44.1,0.00,-,-,12,2016,
1985,69.1,45.0,0.00,-,-,12,2016,
1986,70.0,44.1,0.00,-,-,12,2016,
1987,69.1,45.0,0.00,-,-,12,2016,
1988,66.9,48.0,0.00,-,-,12,2016,
1989,69.1,52.0,0.00,-,-,12,2016,
1990,72.0,51.1,0.00,-,-,12,2016,
1991,72.0,51.1,0.00,-,-,12,2016,
1992,72.0,50.0,0.00,-,-,12,2016,
1993,71.1,55.0,0.00,-,-,12,2016,
1994,71.1,48.9,0.00,-,-,12,2016,
1995,68.0,48.0,0.00,-,-,12,2016,
1996,63.0,52.0,0.00,-,-,12,2016,
1997,66.0,39.0,0.00,-,-,12,2016,
1998,57.9,37.9,0.00,-,-,12,2016,
1999,68.0,37.9,0.00,-,-,12,2016,
2000,61.0,46.0,0.13,-,-,12,2016,
2001,61.0,41.0,0.00,-,-,12,2016,
2002,57.9,35.1,0.30,-,-,12,2016,
2003,54.0,48.9,0.53,-,-,12,2016,
2004,57.0,46.9,0.00,-,-,12,2016,
2005,57.0,37.0,0.00,-,-,12,2016,
2006,01,2017,,,,,,
2007,57.0,39.9,0.02,-,-,01,2017,
2008,55.0,28.0,0.00,-,-,01,2017,
2009,59.0,28.0,0.00,-,-,01,2017,
2010,60.1,37.0,0.00,-,-,01,2017,
2011,60.1,37.0,0.00,-,-,01,2017,
2012,55.0,37.9,0.00,-,-,01,2017,
2013,53.1,36.0,0.00,-,-,01,2017,
2014,51.1,36.0,0.35,-,-,01,2017,
2015,62.1,51.1,0.05,-,-,01,2017,
2016,64.0,54.0,0.05,-,-,01,2017,
2017,60.1,45.0,0.45,-,-,01,2017,
2018,64.0,44.1,0.15,-,-,01,2017,
2019,64.0,44.1,0.15,-,-,01,2017,
2020,60.1,46.9,0.63,-,-,01,2017,
2021,52.0,34.0,0.02,-,-,01,2017,
2022,50.0,30.0,0.00,-,-,01,2017,
2023,50.0,28.9,0.00,-,-,01,2017,
2024,52.0,28.9,0.00,-,-,01,2017,
2025,55.0,28.9,0.00,-,-,01,2017,
2026,61.0,36.0,0.00,-,-,01,2017,
2027,61.0,35.1,0.41,-,-,01,2017,
2028,52.0,37.0,0.20,-,-,01,2017,
2029,48.9,32.0,0.00,-,-,01,2017,
2030,52.0,32.0,0.00,-,-,01,2017,
2031,50.0,33.1,0.00,-,-,01,2017,
2032,54.0,33.1,0.00,-,-,01,2017,
2033,57.0,32.0,0.00,-,-,01,2017,
2034,55.9,33.1,0.00,-,-,01,2017,
2035,55.9,32.0,0.00,-,-,01,2017,
2036,02,2017,,,,,,
2037,52.0,37.0,0.00,-,-,02,2017,
2038,53.1,42.1,0.50,-,-,02,2017,
2039,51.1,42.1,0.16,-,-,02,2017,
2040,54.0,46.9,0.72,-,-,02,2017,
2041,54.0,41.0,0.41,-,-,02,2017,
2042,48.9,32.0,0.00,-,-,02,2017,
2043,50.0,30.9,0.12,-,-,02,2017,
2044,57.9,48.9,0.37,-,-,02,2017,
2045,61.0,48.9,0.98,-,-,02,2017,
2046,55.9,50.0,0.14,-,-,02,2017,
2047,53.1,51.1,0.96,-,-,02,2017,
2048,54.0,45.0,0.25,-,-,02,2017,
2049,48.9,37.0,0.03,-,-,02,2017,
2050,53.1,35.1,0.00,-,-,02,2017,
2051,55.0,35.1,0.00,-,-,02,2017,
2052,50.0,34.0,0.00,-,-,02,2017,
2053,53.1,33.1,0.00,-,-,02,2017,
2054,53.1,33.1,0.87,-,-,02,2017,
2055,55.9,46.0,0.71,-,-,02,2017,
2056,53.1,43.0,0.52,-,-,02,2017,
2057,54.0,43.0,0.47,-,-,02,2017,
2058,55.0,41.0,0.33,-,-,02,2017,
2059,50.0,37.0,0.14,-,-,02,2017,
2060,51.1,33.1,0.00,-,-,02,2017,
2061,53.1,33.1,0.00,-,-,02,2017,
2062,54.0,35.1,0.00,-,-,02,2017,
2063,55.9,33.1,0.00,-,-,02,2017,
2064,57.9,34.0,0.00,-,-,02,2017,
2065,59.0,35.1,0.00,-,-,02,2017,
2066,60.1,33.1,0.00,-,-,02,2017,
2067,03,2017,,,,,,
2068,61.0,34.0,0.00,-,-,03,2017,
2069,57.9,43.0,0.03,-,-,03,2017,
2070,64.0,52.0,0.25,-,-,03,2017,
2071,61.0,50.0,0.04,-,-,03,2017,
2072,62.1,46.0,0.00,-,-,03,2017,
2073,62.1,46.0,0.35,-,-,03,2017,
2074,60.1,54.0,1.13,-,-,03,2017,
2075,62.1,55.9,0.11,-,-,03,2017,
2076,64.9,57.9,0.07,-,-,03,2017,
2077,61.0,55.0,1.02,-,-,03,2017,
2078,59.0,42.1,0.05,-,-,03,2017,
2079,59.0,30.0,0.00,-,-,03,2017,
2080,63.0,39.0,0.00,-,-,03,2017,
2081,61.0,39.9,0.00,-,-,03,2017,
2082,64.9,41.0,0.00,-,-,03,2017,
2083,66.9,54.0,0.19,-,-,03,2017,
2084,66.9,52.0,0.15,-,-,03,2017,
2085,66.9,51.1,0.78,-,-,03,2017,
2086,55.0,46.0,0.01,-,-,03,2017,
2087,55.0,48.0,0.45,-,-,03,2017,
2088,57.9,51.1,1.31,-,-,03,2017,
2089,61.0,39.9,0.00,-,-,03,2017,
2090,62.1,39.0,0.00,-,-,03,2017,
2091,62.1,33.1,0.00,-,-,03,2017,
2092,62.1,37.9,0.00,-,-,03,2017,
2093,57.9,37.9,0.00,-,-,03,2017,
2094,55.9,37.0,0.02,-,-,03,2017,
2095,57.0,36.0,0.00,-,-,03,2017,
2096,04,2017,,,,,,
2097,59.0,35.1,0.00,-,-,04,2017,
2098,63.0,35.1,0.00,-,-,04,2017,
2099,66.9,36.0,0.00,-,-,04,2017,
2100,64.9,39.0,0.00,-,-,04,2017,
2101,64.0,43.0,0.40,-,-,04,2017,
2102,51.1,37.9,0.13,-,-,04,2017,
2103,57.9,37.0,0.07,-,-,04,2017,
2104,60.1,37.0,0.00,-,-,04,2017,
2105,66.9,42.1,0.00,-,-,04,2017,
2106,71.1,46.0,0.00,-,-,04,2017,
2107,68.0,46.0,0.00,-,-,04,2017,
2108,71.1,46.0,0.00,-,-,04,2017,
2109,75.9,44.1,0.00,-,-,04,2017,
2110,78.1,44.1,0.00,-,-,04,2017,
2111,78.1,48.9,0.00,-,-,04,2017,
2112,66.0,51.1,0.00,-,-,04,2017,
2113,70.0,44.1,0.00,-,-,04,2017,
2114,75.9,43.0,0.00,-,-,04,2017,
2115,70.0,50.0,0.00,-,-,04,2017,
2116,70.0,50.0,0.00,-,-,04,2017,
2117,71.1,48.9,0.00,-,-,04,2017,
2118,68.0,51.1,0.46,-,-,04,2017,
2119,61.0,44.1,0.02,-,-,04,2017,
2120,62.1,44.1,0.00,-,-,04,2017,
2121,55.9,51.1,0.45,-,-,04,2017,
2122,64.9,46.0,0.00,-,-,04,2017,
2123,64.0,46.9,0.05,-,-,04,2017,
2124,64.0,44.1,0.00,-,-,04,2017,
2125,72.0,44.1,0.00,-,-,04,2017,
2126,73.9,44.1,0.00,-,-,04,2017,
2127,73.9,44.1,0.00,-,-,04,2017,
2128,05,2017,,,,,,
2129,73.9,44.1,0.00,-,-,05,2017,
2130,80.1,42.1,0.00,-,-,05,2017,
2131,75.9,44.1,0.00,-,-,05,2017,
2132,73.0,43.0,0.00,-,-,05,2017,
2133,72.0,50.0,0.00,-,-,05,2017,
2134,73.9,50.0,0.00,-,-,05,2017,
2135,66.9,48.0,0.73,-,-,05,2017,
2136,66.0,44.1,0.31,-,-,05,2017,
2137,59.0,37.9,0.05,-,-,05,2017,
2138,63.0,39.0,0.00,-,-,05,2017,
2139,66.9,39.9,0.00,-,-,05,2017,
2140,71.1,41.0,0.00,-,-,05,2017,
2141,69.1,48.9,0.00,-,-,05,2017,
2142,64.0,42.1,0.00,-,-,05,2017,
2143,60.1,41.0,0.00,-,-,05,2017,
2144,69.1,48.9,0.00,-,-,05,2017,
2145,62.1,53.1,0.15,-,-,05,2017,
2146,64.9,53.1,0.02,-,-,05,2017,
2147,64.9,43.0,0.01,-,-,05,2017,
2148,72.0,35.1,0.00,-,-,05,2017,
2149,59.0,46.0,0.00,-,-,05,2017,
2150,75.0,46.0,0.00,-,-,05,2017,
2151,69.1,50.0,0.00,-,-,05,2017,
2152,66.0,50.0,0.00,-,-,05,2017,
2153,62.1,50.0,0.00,-,-,05,2017,
2154,69.1,52.0,0.00,-,-,05,2017,
2155,68.0,48.9,0.00,-,-,05,2017,
2156,73.0,45.0,0.00,-,-,05,2017,
2157,73.9,48.0,0.00,-,-,05,2017,
2158,80.1,48.0,0.00,-,-,05,2017,
2159,06,2017,,,,,,
2160,80.1,51.1,0.00,-,-,06,2017,
2161,87.1,52.0,0.00,-,-,06,2017,
2162,89.1,55.9,0.00,-,-,06,2017,
2163,91.9,55.0,0.00,-,-,06,2017,
2164,91.0,50.0,0.00,-,-,06,2017,
2165,91.9,48.0,0.00,-,-,06,2017,
2166,63.0,46.9,0.00,-,-,06,2017,
2167,77.0,50.0,0.00,-,-,06,2017,
2168,77.0,48.9,0.00,-,-,06,2017,
2169,82.9,50.0,0.00,-,-,06,2017,
2170,73.9,52.0,0.00,-,-,06,2017,
2171,75.9,48.9,0.00,-,-,06,2017,
2172,68.0,46.9,0.00,-,-,06,2017,
2173,69.1,45.0,0.00,-,-,06,2017,
2174,73.9,39.0,0.00,-,-,06,2017,
2175,73.0,42.1,0.00,-,-,06,2017,
2176,64.9,46.9,0.00,-,-,06,2017,
2177,75.0,45.0,0.00,-,-,06,2017,
2178,82.0,51.1,0.00,-,-,06,2017,
2179,87.1,51.1,0.00,-,-,06,2017,
2180,86.0,53.1,0.00,-,-,06,2017,
2181,87.1,52.0,0.00,-,-,06,2017,
2182,77.0,54.0,0.00,-,-,06,2017,
2183,75.9,54.0,0.00,-,-,06,2017,
2184,71.1,50.0,0.00,-,-,06,2017,
2185,73.0,52.0,0.00,-,-,06,2017,
2186,66.0,50.0,0.00,-,-,06,2017,
2187,71.1,54.0,0.00,-,-,06,2017,
2188,70.0,53.1,0.00,-,-,06,2017,
2189,70.0,50.0,0.00,-,-,06,2017,
2190,69.1,54.0,0.00,-,-,06,2017,
2191,07,2017,,,,,,
2192,78.1,48.0,0.00,-,-,07,2017,
2193,77.0,50.0,0.00,-,-,07,2017,
2194,79.0,51.1,0.00,-,-,07,2017,
2195,73.9,52.0,0.00,-,-,07,2017,
2196,79.0,46.9,0.00,-,-,07,2017,
2197,79.0,50.0,0.00,-,-,07,2017,
2198,79.0,50.0,0.00,-,-,07,2017,
2199,73.0,57.9,0.00,-,-,07,2017,
2200,70.0,59.0,0.01,-,-,07,2017,
2201,71.1,50.0,0.00,-,-,07,2017,
2202,75.9,52.0,0.00,-,-,07,2017,
2203,73.0,48.0,0.00,-,-,07,2017,
2204,73.9,48.0,0.00,-,-,07,2017,
2205,78.1,48.0,0.00,-,-,07,2017,
2206,82.0,51.1,0.00,-,-,07,2017,
2207,81.0,52.0,0.00,-,-,07,2017,
2208,90.0,59.0,0.00,-,-,07,2017,
2209,89.1,64.0,0.00,-,-,07,2017,
2210,100.9,63.0,0.00,-,-,07,2017,
2211,87.1,59.0,0.00,-,-,07,2017,
2212,75.0,53.1,0.00,-,-,07,2017,
2213,84.9,55.9,0.00,-,-,07,2017,
2214,90.0,60.1,0.00,-,-,07,2017,
2215,80.1,60.1,0.00,-,-,07,2017,
2216,70.0,59.0,0.00,-,-,07,2017,
2217,75.0,55.9,0.00,-,-,07,2017,
2218,77.0,55.9,0.00,-,-,07,2017,
2219,75.9,32.0,0.00,-,-,07,2017,
2220,73.9,54.0,0.00,-,-,07,2017,
2221,73.0,50.0,0.00,-,-,07,2017,
2222,08,2017,,,,,,
2223,75.0,52.0,0.00,-,-,08,2017,
2224,75.9,52.0,0.00,-,-,08,2017,
2225,77.0,57.0,0.00,-,-,08,2017,
2226,75.9,57.9,0.00,-,-,08,2017,
2227,75.0,57.0,0.00,-,-,08,2017,
2228,73.0,55.0,0.00,-,-,08,2017,
2229,80.1,57.0,0.00,-,-,08,2017,
2230,93.0,57.0,0.00,-,-,08,2017,
2231,95.0,57.9,0.00,-,-,08,2017,
2232,80.1,50.0,0.00,-,-,08,2017,
2233,80.1,52.0,0.00,-,-,08,2017,
2234,81.0,55.0,0.00,-,-,08,2017,
2235,80.1,55.9,0.00,-,-,08,2017,
2236,79.0,55.0,0.00,-,-,08,2017,
2237,82.0,55.0,0.00,-,-,08,2017,
2238,89.1,55.0,0.00,-,-,08,2017,
2239,96.1,57.9,0.00,-,-,08,2017,
2240,96.1,53.1,0.00,-,-,08,2017,
2241,75.0,55.0,0.00,-,-,08,2017,
2242,80.1,48.9,0.00,-,-,08,2017,
2243,73.9,48.9,0.00,-,-,08,2017,
2244,80.1,46.0,0.00,-,-,08,2017,
2245,87.1,53.1,0.00,-,-,08,2017,
2246,82.9,46.9,0.00,-,-,08,2017,
2247,81.0,57.9,0.00,-,-,08,2017,
2248,78.1,57.9,0.00,-,-,08,2017,
2249,73.0,54.0,0.00,-,-,08,2017,
2250,82.9,55.9,0.00,-,-,08,2017,
2251,75.9,54.0,0.00,-,-,08,2017,
2252,75.9,55.9,0.00,-,-,08,2017,
2253,77.0,57.9,0.00,-,-,08,2017,
2254,09,2017,,,,,,
2255,77.0,55.0,0.00,-,-,09,2017,
2256,84.0,57.9,0.00,-,-,09,2017,
2257,86.0,57.9,0.00,-,-,09,2017,
2258,82.0,59.0,0.00,-,-,09,2017,
2259,84.0,61.0,0.00,-,-,09,2017,
2260,75.9,62.1,0.00,-,-,09,2017,
2261,75.9,57.0,0.00,-,-,09,2017,
2262,75.0,57.0,0.00,-,-,09,2017,
2263,73.9,60.1,0.00,-,-,09,2017,
2264,75.0,60.1,0.00,-,-,09,2017,
2265,73.9,53.1,0.00,-,-,09,2017,
2266,77.0,57.0,0.00,-,-,09,2017,
2267,75.0,54.0,0.00,-,-,09,2017,
2268,80.1,54.0,0.00,-,-,09,2017,
2269,73.9,30.0,0.00,-,-,09,2017,
2270,75.9,52.0,0.00,-,-,09,2017,
2271,77.0,48.0,0.00,-,-,09,2017,
2272,75.9,57.0,0.00,-,-,09,2017,
2273,77.0,59.0,0.00,-,-,09,2017,
2274,77.0,55.9,0.00,-,-,09,2017,
2275,77.0,55.9,0.00,-,-,09,2017,
2276,78.1,60.1,0.00,-,-,09,2017,
2277,79.0,57.9,0.00,-,-,09,2017,
2278,75.0,57.9,0.00,-,-,09,2017,
2279,78.1,54.0,0.00,-,-,09,2017,
2280,79.0,54.0,0.00,-,-,09,2017,
2281,82.0,53.1,0.00,-,-,09,2017,
2282,82.0,54.0,0.00,-,-,09,2017,
2283,84.9,54.0,0.00,-,-,09,2017,
2284,73.0,53.1,0.00,-,-,09,2017,
2285,73.9,53.1,0.00,-,-,09,2017,
2286,10,2017,,,,,,
2287,90.0,53.1,0.00,-,-,10,2017,
2288,105.1,62.1,0.00,-,-,10,2017,
2289,104.0,66.0,0.00,-,-,10,2017,
2290,91.9,64.0,0.00,-,-,10,2017,
2291,88.0,60.1,0.00,-,-,10,2017,
2292,80.1,59.0,0.00,-,-,10,2017,
2293,78.1,66.0,0.00,-,-,10,2017,
2294,75.0,57.0,0.00,-,-,10,2017,
2295,77.0,57.9,0.00,-,-,10,2017,
2296,79.0,57.0,0.00,-,-,10,2017,
2297,93.0,57.9,0.00,-,-,10,2017,
2298,91.9,57.9,0.13,-,-,10,2017,
2299,93.0,57.9,0.00,-,-,10,2017,
2300,78.1,60.1,0.00,-,-,10,2017,
2301,79.0,51.1,0.00,-,-,10,2017,
2302,78.1,51.1,0.00,-,-,10,2017,
2303,78.1,51.1,0.00,-,-,10,2017,
2304,78.1,52.0,0.00,-,-,10,2017,
2305,80.1,51.1,0.00,-,-,10,2017,
2306,75.9,54.0,0.00,-,-,10,2017,
2307,75.0,54.0,0.00,-,-,10,2017,
2308,79.0,46.0,0.00,-,-,10,2017,
2309,82.0,48.9,0.00,-,-,10,2017,
2310,84.9,51.1,0.00,-,-,10,2017,
2311,89.1,53.1,0.00,-,-,10,2017,
2312,88.0,52.0,0.00,-,-,10,2017,
2313,11,2017,,,,,,
2314,79.0,51.1,0.00,-,-,11,2017,
2315,79.0,48.9,0.00,-,-,11,2017,
2316,80.1,45.0,0.00,-,-,11,2017,
2317,81.0,44.1,0.00,-,-,11,2017,
2318,84.0,-,0.00,-,-,11,2017,
2319,84.9,-,0.00,-,-,11,2017,
2320,81.0,-,0.00,-,-,11,2017,
2321,77.0,-,0.00,-,-,11,2017,
2322,75.9,-,0.00,-,-,11,2017,
2323,75.9,-,0.00,-,-,11,2017,
2324,75.0,42.1,0.00,-,-,11,2017,
2325,81.0,43.0,0.00,-,-,11,2017,
2326,82.9,43.0,0.00,-,-,11,2017,
2327,82.9,43.0,0.00,-,-,11,2017,
2328,66.9,48.0,0.00,-,-,11,2017,
2329,66.9,36.0,0.09,-,-,11,2017,
2330,63.0,43.0,0.00,-,-,11,2017,
2331,71.1,46.0,0.00,-,-,11,2017,
2332,82.0,45.0,0.00,-,-,11,2017,
2333,88.0,52.0,0.00,-,-,11,2017,
2334,84.0,51.1,0.00,-,-,11,2017,
2335,82.0,52.0,0.00,-,-,11,2017,
2336,80.1,48.9,0.00,-,-,11,2017,
2337,70.0,53.1,0.00,-,-,11,2017,
2338,63.0,50.0,0.00,-,-,11,2017,
2339,66.0,50.0,0.00,-,-,11,2017,
2340,12,2017,,,,,,
2341,66.9,45.0,0.00,-,-,12,2017,
2342,66.0,44.1,0.00,-,-,12,2017,
2343,66.9,41.0,0.08,-,-,12,2017,
2344,57.0,41.0,0.00,-,-,12,2017,
2345,61.0,39.0,0.00,-,-,12,2017,
2346,63.0,39.0,0.09,-,-,12,2017,
2347,66.9,50.0,0.01,-,-,12,2017,
2348,64.9,46.0,0.07,-,-,12,2017,
2349,64.9,44.1,0.00,-,-,12,2017,
2350,63.0,44.1,0.00,-,-,12,2017,
2351,66.0,45.0,0.00,-,-,12,2017,
2352,53.1,45.0,0.00,-,-,12,2017,
2353,66.0,46.0,0.98,-,-,12,2017,
2354,57.0,46.9,0.82,-,-,12,2017,
2355,57.9,37.9,0.02,-,-,12,2017,
2356,59.0,37.9,0.00,-,-,12,2017,
2357,59.0,37.9,0.00,-,-,12,2017,
2358,68.0,48.0,0.00,-,-,12,2017,
2359,68.0,48.9,0.00,-,-,12,2017,
2360,69.1,48.9,0.00,-,-,12,2017,
2361,68.0,48.0,0.00,-,-,12,2017,
2362,69.1,48.9,0.00,-,-,12,2017,
2363,61.0,39.0,0.00,-,-,12,2017,
2364,01,2018,,,,,,
2365,66.9,45.0,0.00,-,-,01,2018,
2366,66.0,44.1,0.00,-,-,01,2018,
2367,66.9,41.0,0.08,-,-,01,2018,
2368,57.0,41.0,0.00,-,-,01,2018,
2369,61.0,39.0,0.00,-,-,01,2018,
2370,63.0,39.0,0.09,-,-,01,2018,
2371,66.9,50.0,0.01,-,-,01,2018,
2372,64.9,46.0,0.07,-,-,01,2018,
2373,64.9,44.1,0.00,-,-,01,2018,
2374,63.0,44.1,0.00,-,-,01,2018,
2375,66.0,45.0,0.00,-,-,01,2018,
2376,53.1,45.0,0.00,-,-,01,2018,
2377,66.0,46.0,0.98,-,-,01,2018,
2378,57.0,46.9,0.82,-,-,01,2018,
2379,57.9,37.9,0.02,-,-,01,2018,
2380,59.0,37.9,0.00,-,-,01,2018,
2381,59.0,37.9,0.00,-,-,01,2018,
2382,68.0,48.0,0.00,-,-,01,2018,
2383,68.0,48.9,0.00,-,-,01,2018,
2384,69.1,48.9,0.00,-,-,01,2018,
2385,68.0,48.0,0.00,-,-,01,2018,
2386,69.1,48.9,0.00,-,-,01,2018,
2387,61.0,39.0,0.00,-,-,01,2018,
2388,02,2018,,,,,,
2389,66.9,45.0,0.00,-,-,02,2018,
2390,66.0,44.1,0.00,-,-,02,2018,
2391,66.9,41.0,0.08,-,-,02,2018,
2392,57.0,41.0,0.00,-,-,02,2018,
2393,61.0,39.0,0.00,-,-,02,2018,
2394,63.0,39.0,0.09,-,-,02,2018,
2395,66.9,50.0,0.01,-,-,02,2018,
2396,64.9,46.0,0.07,-,-,02,2018,
2397,64.9,44.1,0.00,-,-,02,2018,
2398,63.0,44.1,0.00,-,-,02,2018,
2399,66.0,45.0,0.00,-,-,02,2018,
2400,53.1,45.0,0.00,-,-,02,2018,
2401,66.0,46.0,0.98,-,-,02,2018,
2402,57.0,46.9,0.82,-,-,02,2018,
2403,57.9,37.9,0.02,-,-,02,2018,
2404,59.0,37.9,0.00,-,-,02,2018,
2405,59.0,37.9,0.00,-,-,02,2018,
2406,68.0,48.0,0.00,-,-,02,2018,
2407,68.0,48.9,0.00,-,-,02,2018,
2408,69.1,48.9,0.00,-,-,02,2018,
2409,68.0,48.0,0.00,-,-,02,2018,
2410,69.1,48.9,0.00,-,-,02,2018,
2411,61.0,39.0,0.00,-,-,02,2018,
2412,03,2018,,,,,,
2413,66.9,45.0,0.00,-,-,03,2018,
2414,66.0,44.1,0.00,-,-,03,2018,
2415,66.9,41.0,0.08,-,-,03,2018,
2416,57.0,41.0,0.00,-,-,03,2018,
2417,61.0,39.0,0.00,-,-,03,2018,
2418,63.0,39.0,0.09,-,-,03,2018,
2419,66.9,50.0,0.01,-,-,03,2018,
2420,64.9,46.0,0.07,-,-,03,2018,
2421,64.9,44.1,0.00,-,-,03,2018,
2422,63.0,44.1,0.00,-,-,03,2018,
2423,66.0,45.0,0.00,-,-,03,2018,
2424,53.1,45.0,0.00,-,-,03,2018,
2425,66.0,46.0,0.98,-,-,03,2018,
2426,57.0,46.9,0.82,-,-,03,2018,
2427,57.9,37.9,0.02,-,-,03,2018,
2428,59.0,37.9,0.00,-,-,03,2018,
2429,59.0,37.9,0.00,-,-,03,2018,
2430,68.0,48.0,0.00,-,-,03,2018,
2431,68.0,48.9,0.00,-,-,03,2018,
2432,69.1,48.9,0.00,-,-,03,2018,
2433,68.0,48.0,0.00,-,-,03,2018,
2434,69.1,48.9,0.00,-,-,03,2018,
2435,61.0,39.0,0.00,-,-,03,2018,
2436,04,2018,,,,,,
2437,66.9,45.0,0.00,-,-,04,2018,
2438,66.0,44.1,0.00,-,-,04,2018,
2439,66.9,41.0,0.08,-,-,04,2018,
2440,57.0,41.0,0.00,-,-,04,2018,
2441,61.0,39.0,0.00,-,-,04,2018,
2442,63.0,39.0,0.09,-,-,04,2018,
2443,66.9,50.0,0.01,-,-,04,2018,
2444,64.9,46.0,0.07,-,-,04,2018,
2445,64.9,44.1,0.00,-,-,04,2018,
2446,63.0,44.1,0.00,-,-,04,2018,
2447,66.0,45.0,0.00,-,-,04,2018,
2448,53.1,45.0,0.00,-,-,04,2018,
2449,66.0,46.0,0.98,-,-,04,2018,
2450,57.0,46.9,0.82,-,-,04,2018,
2451,57.9,37.9,0.02,-,-,04,2018,
2452,59.0,37.9,0.00,-,-,04,2018,
2453,59.0,37.9,0.00,-,-,04,2018,
2454,68.0,48.0,0.00,-,-,04,2018,
2455,68.0,48.9,0.00,-,-,04,2018,
2456,69.1,48.9,0.00,-,-,04,2018,
2457,68.0,48.0,0.00,-,-,04,2018,
2458,69.1,48.9,0.00,-,-,04,2018,
2459,61.0,39.0,0.00,-,-,04,2018,
2460,05,2018,,,,,,
2461,66.9,45.0,0.00,-,-,05,2018,
2462,66.0,44.1,0.00,-,-,05,2018,
2463,66.9,41.0,0.08,-,-,05,2018,
2464,57.0,41.0,0.00,-,-,05,2018,
2465,61.0,39.0,0.00,-,-,05,2018,
2466,63.0,39.0,0.09,-,-,05,2018,
2467,66.9,50.0,0.01,-,-,05,2018,
2468,64.9,46.0,0.07,-,-,05,2018,
2469,64.9,44.1,0.00,-,-,05,2018,
2470,63.0,44.1,0.00,-,-,05,2018,
2471,66.0,45.0,0.00,-,-,05,2018,
2472,53.1,45.0,0.00,-,-,05,2018,
2473,66.0,46.0,0.98,-,-,05,2018,
2474,57.0,46.9,0.82,-,-,05,2018,
2475,57.9,37.9,0.02,-,-,05,2018,
2476,59.0,37.9,0.00,-,-,05,2018,
2477,59.0,37.9,0.00,-,-,05,2018,
2478,68.0,48.0,0.00,-,-,05,2018,
2479,68.0,48.9,0.00,-,-,05,2018,
2480,69.1,48.9,0.00,-,-,05,2018,
2481,68.0,48.0,0.00,-,-,05,2018,
2482,69.1,48.9,0.00,-,-,05,2018,
2483,61.0,39.0,0.00,-,-,05,2018,
2484,06,2018,,,,,,
2485,66.9,45.0,0.00,-,-,06,2018,
2486,66.0,44.1,0.00,-,-,06,2018,
2487,66.9,41.0,0.08,-,-,06,2018,
2488,57.0,41.0,0.00,-,-,06,2018,
2489,61.0,39.0,0.00,-,-,06,2018,
2490,63.0,39.0,0.09,-,-,06,2018,
2491,66.9,50.0,0.01,-,-,06,2018,
2492,64.9,46.0,0.07,-,-,06,2018,
2493,64.9,44.1,0.00,-,-,06,2018,
2494,63.0,44.1,0.00,-,-,06,2018,
2495,66.0,45.0,0.00,-,-,06,2018,
2496,53.1,45.0,0.00,-,-,06,2018,
2497,66.0,46.0,0.98,-,-,06,2018,
2498,57.0,46.9,0.82,-,-,06,2018,
2499,57.9,37.9,0.02,-,-,06,2018,
2500,59.0,37.9,0.00,-,-,06,2018,
2501,59.0,37.9,0.00,-,-,06,2018,
2502,68.0,48.0,0.00,-,-,06,2018,
2503,68.0,48.9,0.00,-,-,06,2018,
2504,69.1,48.9,0.00,-,-,06,2018,
2505,68.0,48.0,0.00,-,-,06,2018,
2506,69.1,48.9,0.00,-,-,06,2018,
2507,61.0,39.0,0.00,-,-,06,2018,
2508,07,2018,,,,,,
2509,66.9,45.0,0.00,-,-,07,2018,
2510,66.0,44.1,0.00,-,-,07,2018,
2511,66.9,41.0,0.08,-,-,07,2018,
2512,57.0,41.0,0.00,-,-,07,2018,
2513,61.0,39.0,0.00,-,-,07,2018,
2514,63.0,39.0,0.09,-,-,07,2018,
2515,66.9,50.0,0.01,-,-,07,2018,
2516,64.9,46.0,0.07,-,-,07,2018,
2517,64.9,44.1,0.00,-,-,07,2018,
2518,63.0,44.1,0.00,-,-,07,2018,
2519,66.0,45.0,0.00,-,-,07,2018,
2520,53.1,45.0,0.00,-,-,07,2018,
2521,66.0,46.0,0.98,-,-,07,2018,
2522,57.0,46.9,0.82,-,-,07,2018,
2523,57.9,37.9,0.02,-,-,07,2018,
2524,59.0,37.9,0.00,-,-,07,2018,
2525,59.0,37.9,0.00,-,-,07,2018,
2526,68.0,48.0,0.00,-,-,07,2018,
2527,68.0,48.9,0.00,-,-,07,2018,
2528,69.1,48.9,0.00,-,-,07,2018,
2529,68.0,48.0,0.00,-,-,07,2018,
2530,69.1,48.9,0.00,-,-,07,2018,
2531,61.0,39.0,0.00,-,-,07,2018,
2532,08,2018,,,,,,
2533,66.9,45.0,0.00,-,-,08,2018,
2534,66.0,44.1,0.00,-,-,08,2018,
2535,66.9,41.0,0.08,-,-,08,2018,
2536,57.0,41.0,0.00,-,-,08,2018,
2537,61.0,39.0,0.00,-,-,08,2018,
2538,63.0,39.0,0.09,-,-,08,2018,
2539,66.9,50.0,0.01,-,-,08,2018,
2540,64.9,46.0,0.07,-,-,08,2018,
2541,64.9,44.1,0.00,-,-,08,2018,
2542,63.0,44.1,0.00,-,-,08,2018,
2543,66.0,45.0,0.00,-,-,08,2018,
2544,53.1,45.0,0.00,-,-,08,2018,
2545,66.0,46.0,0.98,-,-,08,2018,
2546,57.0,46.9,0.82,-,-,08,2018,
2547,57.9,37.9,0.02,-,-,08,2018,
2548,59.0,37.9,0.00,-,-,08,2018,
2549,59.0,37.9,0.00,-,-,08,2018,
2550,68.0,48.0,0.00,-,-,08,2018,
2551,68.0,48.9,0.00,-,-,08,2018,
2552,69.1,48.9,0.00,-,-,08,2018,
2553,68.0,48.0,0.00,-,-,08,2018,
2554,69.1,48.9,0.00,-,-,08,2018,
2555,61.0,39.0,0.00,-,-,08,2018,
2556,09,2018,,,,,,
2557,66.9,45.0,0.00,-,-,09,2018,
2558,66.0,44.1,0.00,-,-,09,2018,
2559,66.9,41.0,0.08,-,-,09,2018,
2560,57.0,41.0,0.00,-,-,09,2018,
2561,61.0,39.0,0.00,-,-,09,2018,
2562,63.0,39.0,0.09,-,-,09,2018,
2563,66.9,50.0,0.01,-,-,09,2018,
2564,64.9,46.0,0.07,-,-,09,2018,
2565,64.9,44.1,0.00,-,-,09,2018,
2566,63.0,44.1,0.00,-,-,09,2018,
2567,66.0,45.0,0.00,-,-,09,2018,
2568,53.1,45.0,0.00,-,-,09,2018,
2569,66.0,46.0,0.98,-,-,09,2018,
2570,57.0,46.9,0.82,-,-,09,2018,
2571,57.9,37.9,0.02,-,-,09,2018,
2572,59.0,37.9,0.00,-,-,09,2018,
2573,59.0,37.9,0.00,-,-,09,2018,
2574,68.0,48.0,0.00,-,-,09,2018,
2575,68.0,48.9,0.00,-,-,09,2018,
2576,69.1,48.9,0.00,-,-,09,2018,
2577,68.0,48.0,0.00,-,-,09,2018,
2578,69.1,48.9,0.00,-,-,09,2018,
2579,61.0,39.0,0.00,-,-,09,2018,
2580,10,2018,,,,,,
2581,66.9,45.0,0.00,-,-,10,2018,
2582,66.0,44.1,0.00,-,-,10,2018,
2583,66.9,41.0,0.08,-,-,10,2018,
2584,57.0,41.0,0.00,-,-,10,2018,
2585,61.0,39.0,0.00,-,-,10,2018,
2586,63.0,39.0,0.09,-,-,10,2018,
2587,66.9,50.0,0.01,-,-,10,2018,
2588,64.9,46.0,0.07,-,-,10,2018,
2589,64.9,44.1,0.00,-,-,10,2018,
2590,63.0,44.1,0.00,-,-,10,2018,
2591,66.0,45.0,0.00,-,-,10,2018,
2592,53.1,45.0,0.00,-,-,10,2018,
2593,66.0,46.0,0.98,-,-,10,2018,
2594,57.0,46.9,0.82,-,-,10,2018,
2595,57.9,37.9,0.02,-,-,10,2018,
2596,59.0,37.9,0.00,-,-,10,2018,
2597,59.0,37.9,0.00,-,-,10,2018,
2598,68.0,48.0,0.00,-,-,10,2018,
2599,68.0,48.9,0.00,-,-,10,2018,
2600,69.1,48.9,0.00,-,-,10,2018,
2601,68.0,48.0,0.00,-,-,10,2018,
2602,69.1,48.9,0.00,-,-,10,2018,
2603,61.0,39.0,0.00,-,-,10,2018,
2604,11,2018,,,,,,
2605,66.9,45.0,0.00,-,-,11,2018,
2606,66.0,44.1,0.00,-,-,11,2018,
2607,66.9,41.0,0.08,-,-,11,2018,
2608,57.0,41.0,0.00,-,-,11,2018,
2609,61.0,39.0,0.00,-,-,11,2018,
2610,63.0,39.0,0.09,-,-,11,2018,
2611,66.9,50.0,0.01,-,-,11,2018,
2612,64.9,46.0,0.07,-,-,11,2018,
2613,64.9,44.1,0.00,-,-,11,2018,
2614,63.0,44.1,0.00,-,-,11,2018,
2615,66.0,45.0,0.00,-,-,11,2018,
2616,53.1,45.0,0.00,-,-,11,2018,
2617,66.0,46.0,0.98,-,-,11,2018,
2618,57.0,46.9,0.82,-,-,11,2018,
2619,57.9,37.9,0.02,-,-,11,2018,
2620,59.0,37.9,0.00,-,-,11,2018,
2621,59.0,37.9,0.00,-,-,11,2018,
2622,68.0,48.0,0.00,-,-,11,2018,
2623,68.0,48.9,0.00,-,-,11,2018,
2624,69.1,48.9,0.00,-,-,11,2018,
2625,68.0,48.0,0.00,-,-,11,2018,
2626,69.1,48.9,0.00,-,-,11,2018,
2627,61.0,39.0,0.00,-,-,11,2018,
2628,12,2018,,,,,,
2629,66.9,45.0,0.00,-,-,12,2018,
2630,66.0,44.1,0.00,-,-,12,2018,
2631,66.9,41.0,0.08,-,-,12,2018,
2632,57.0,41.0,0.00,-,-,12,2018,
2633,61.0,39.0,0.00,-,-,12,2018,
2634,63.0,39.0,0.09,-,-,12,2018,
2635,66.9,50.0,0.01,-,-,12,2018,
2636,64.9,46.0,0.07,-,-,12,2018,
2637,64.9,44.1,0.00,-,-,12,2018,
2638,63.0,44.1,0.00,-,-,12,2018,
2639,66.0,45.0,0.00,-,-,12,2018,
2640,53.1,45.0,0.00,-,-,12,2018,
2641,66.0,46.0,0.98,-,-,12,2018,
2642,57.0,46.9,0.82,-,-,12,2018,
2643,57.9,37.9,0.02,-,-,12,2018,
2644,59.0,37.9,0.00,-,-,12,2018,
2645,59.0,37.9,0.00,-,-,12,2018,
2646,68.0,48.0,0.00,-,-,12,2018,
2647,68.0,48.9,0.00,-,-,12,2018,
2648,69.1,48.9,0.00,-,-,12,2018,
2649,68.0,48.0,0.00,-,-,12,2018,
2650,69.1,48.9,0.00,-,-,12,2018,
2651,61.0,39.0,0.00,-,-,12,2018,
2652,01,2019,,,,,,
2653,66.9,45.0,0.00,-,-,01,2019,
2654,66.0,44.1,0.00,-,-,01,2019,
2655,66.9,41.0,0.08,-,-,01,2019,
2656,57.0,41.0,0.00,-,-,01,2019,
2657,61.0,39.0,0.00,-,-,01,2019,
2658,63.0,39.0,0.09,-,-,01,2019,
2659,66.9,50.0,0.01,-,-,01,2019,
2660,64.9,46.0,0.07,-,-,01,2019,
2661,64.9,44.1,0.00,-,-,01,2019,
2662,63.0,44.1,0.00,-,-,01,2019,
2663,66.0,45.0,0.00,-,-,01,2019,
2664,53.1,45.0,0.00,-,-,01,2019,
2665,66.0,46.0,0.98,-,-,01,2019,
2666,57.0,46.9,0.82,-,-,01,2019,
2667,57.9,37.9,0.02,-,-,01,2019,
2668,59.0,37.9,0.00,-,-,01,2019,
2669,59.0,37.9,0.00,-,-,01,2019,
2670,68.0,48.0,0.00,-,-,01,2019,
2671,68.0,48.9,0.00,-,-,01,2019,
2672,69.1,48.9,0.00,-,-,01,2019,
2673,68.0,48.0,0.00,-,-,01,2019,
2674,69.1,48.9,0.00,-,-,01,2019,
2675,61.0,39.0,0.00,-,-,01,2019,
2676,02,2019,,,,,,
2677,66.9,45.0,0.00,-,-,02,2019,
2678,66.0,44.1,0.00,-,-,02,2019,
2679,66.9,41.0,0.08,-,-,02,2019,
2680,57.0,41.0,0.00,-,-,02,2019,
2681,61.0,39.0,0.00,-,-,02,2019,
2682,63.0,39.0,0.09,-,-,02,2019,
2683,66.9,50.0,0.01,-,-,02,2019,
2684,64.9,46.0,0.07,-,-,02,2019,
2685,64.9,44.1,0.00,-,-,02,2019,
2686,63.0,44.1,0.00,-,-,02,2019,
2687,66.0,45.0,0.00,-,-,02,2019,
2688,53.1,45.0,0.00,-,-,02,2019,
2689,66.0,46.0,0.98,-,-,02,2019,
2690,57.0,46.9,0.82,-,-,02,2019,
2691,57.9,37.9,0.02,-,-,02,2019,
2692,59.0,37.9,0.00,-,-,02,2019,
2693,59.0,37.9,0.00,-,-,02,2019,
2694,68.0,48.0,0.00,-,-,02,2019,
2695,68.0,48.9,0.00,-,-,02,2019,
2696,69.1,48.9,0.00,-,-,02,2019,
2697,68.0,48.0,0.00,-,-,02,2019,
2698,69.1,48.9,0.00,-,-,02,2019,
2699,61.0,39.0,0.00,-,-,02,2019,
2700,03,2019,,,,,,
2701,66.9,45.0,0.00,-,-,03,2019,
2702,66.0,44.1,0.00,-,-,03,2019,
2703,66.9,41.0,0.08,-,-,03,2019,
2704,57.0,41.0,0.00,-,-,03,2019,
2705,61.0,39.0,0.00,-,-,03,2019,
2706,63.0,39.0,0.09,-,-,03,2019,
2707,66.9,50.0,0.01,-,-,03,2019,
2708,64.9,46.0,0.07,-,-,03,2019,
2709,64.9,44.1,0.00,-,-,03,2019,
2710,63.0,44.1,0.00,-,-,03,2019,
2711,66.0,45.0,0.00,-,-,03,2019,
2712,53.1,45.0,0.00,-,-,03,2019,
2713,66.0,46.0,0.98,-,-,03,2019,
2714,57.0,46.9,0.82,-,-,03,2019,
2715,57.9,37.9,0.02,-,-,03,2019,
2716,59.0,37.9,0.00,-,-,03,2019,
2717,59.0,37.9,0.00,-,-,03,2019,
2718,68.0,48.0,0.00,-,-,03,2019,
2719,68.0,48.9,0.00,-,-,03,2019,
2720,69.1,48.9,0.00,-,-,03,2019,
2721,68.0,48.0,0.00,-,-,03,2019,
2722,69.1,48.9,0.00,-,-,03,2019,
2723,61.0,39.0,0.00,-,-,03,2019,
2724,04,2019,,,,,,
2725,66.9,45.0,0.00,-,-,04,2019,
2726,66.0,44.1,0.00,-,-,04,2019,
2727,66.9,41.0,0.08,-,-,04,2019,
2728,57.0,41.0,0.00,-,-,04,2019,
2729,61.0,39.0,0.00,-,-,04,2019,
2730,63.0,39.0,0.09,-,-,04,2019,
2731,66.9,50.0,0.01,-,-,04,2019,
2732,64.9,46.0,0.07,-,-,04,2019,
2733,64.9,44.1,0.00,-,-,04,2019,
2734,63.0,44.1,0.00,-,-,04,2019,
2735,66.0,45.0,0.00,-,-,04,2019,
2736,53.1,45.0,0.00,-,-,04,2019,
2737,66.0,46.0,0.98,-,-,04,2019,
2738,57.0,46.9,0.82,-,-,04,2019,
2739,57.9,37.9,0.02,-,-,04,2019,
2740,59.0,37.9,0.00,-,-,04,2019,
2741,59.0,37.9,0.00,-,-,04,2019,
2742,68.0,48.0,0.00,-,-,04,2019,
2743,68.0,48.9,0.00,-,-,04,2019,
2744,69.1,48.9,0.00,-,-,04,2019,
2745,68.0,48.0,0.00,-,-,04,2019,
2746,69.1,48.9,0.00,-,-,04,2019,
2747,61.0,39.0,0.00,-,-,04,2019,
2748,05,2019,,,,,,
2749,66.9,45.0,0.00,-,-,05,2019,
2750,66.0,44.1,0.00,-,-,05,2019,
2751,66.9,41.0,0.08,-,-,05,2019,
2752,57.0,41.0,0.00,-,-,05,2019,
2753,61.0,39.0,0.00,-,-,05,2019,
2754,63.0,39.0,0.09,-,-,05,2019,
2755,66.9,50.0,0.01,-,-,05,2019,
2756,64.9,46.0,0.07,-,-,05,2019,
2757,64.9,44.1,0.00,-,-,05,2019,
2758,63.0,44.1,0.00,-,-,05,2019,
2759,66.0,45.0,0.00,-,-,05,2019,
2760,53.1,45.0,0.00,-,-,05,2019,
2761,66.0,46.0,0.98,-,-,05,2019,
2762,57.0,46.9,0.82,-,-,05,2019,
2763,57.9,37.9,0.02,-,-,05,2019,
2764,59.0,37.9,0.00,-,-,05,2019,
2765,59.0,37.9,0.00,-,-,05,2019,
2766,68.0,48.0,0.00,-,-,05,2019,
2767,68.0,48.9,0.00,-,-,05,2019,
2768,69.1,48.9,0.00,-,-,05,2019,
2769,68.0,48.0,0.00,-,-,05,2019,
2770,69.1,48.9,0.00,-,-,05,2019,
2771,61.0,39.0,0.00,-,-,05,2019,
2772,06,2019,,,,,,
2773,66.9,45.0,0.00,-,-,06,2019,
2774,66.0,44.1,0.00,-,-,06,2019,
2775,66.9,41.0,0.08,-,-,06,2019,
2776,57.0,41.0,0.00,-,-,06,2019,
2777,61.0,39.0,0.00,-,-,06,2019,
2778,63.0,39.0,0.09,-,-,06,2019,
2779,66.9,50.0,0.01,-,-,06,2019,
2780,64.9,46.0,0.07,-,-,06,2019,
2781,64.9,44.1,0.00,-,-,06,2019,
2782,63.0,44.1,0.00,-,-,06,2019,
2783,66.0,45.0,0.00,-,-,06,2019,
2784,53.1,45.0,0.00,-,-,06,2019,
2785,66.0,46.0,0.98,-,-,06,2019,
2786,57.0,46.9,0.82,-,-,06,2019,
2787,57.9,37.9,0.02,-,-,06,2019,
2788,59.0,37.9,0.00,-,-,06,2019,
2789,59.0,37.9,0.00,-,-,06,2019,
2790,68.0,48.0,0.00,-,-,06,2019,
2791,68.0,48.9,0.00,-,-,06,2019,
2792,69.1,48.9,0.00,-,-,06,2019,
2793,68.0,48.0,0.00,-,-,06,2019,
2794,69.1,48.9,0.00,-,-,06,2019,
2795,61.0,39.0,0.00,-,-,06,2019,
2796,07,2019,,,,,,
2797,66.9,45.0,0.00,-,-,07,2019,
2798,66.0,44.1,0.00,-,-,07,2019,
2799,66.9,41.0,0.08,-,-,07,2019,
2800,57.0,41.0,0.00,-,-,07,2019,
2801,61.0,39.0,0.00,-,-,07,2019,
2802,63.0,39.0,0.09,-,-,07,2019,
2803,66.9,50.0,0.01,-,-,07,2019,
2804,64.9,46.0,0.07,-,-,07,2019,
2805,64.9,44.1,0.00,-,-,07,2019,
2806,63.0,44.1,0.00,-,-,07,2019,
2807,66.0,45.0,0.00,-,-,07,2019,
2808,53.1,45.0,0.00,-,-,07,2019,
2809,66.0,46.0,0.98,-,-,07,2019,
2810,57.0,46.9,0.82,-,-,07,2019,
2811,57.9,37.9,0.02,-,-,07,2019,
2812,59.0,37.9,0.00,-,-,07,2019,
2813,59.0,37.9,0.00,-,-,07,2019,
2814,68.0,48.0,0.00,-,-,07,2019,
2815,68.0,48.9,0.00,-,-,07,2019,
2816,69.1,48.9,0.00,-,-,07,2019,
2817,68.0,48.0,0.00,-,-,07,2019,
2818,69.1,48.9,0.00,-,-,07,2019,
2819,61.0,39.0,0.00,-,-,07,2019,
2820,08,2019,,,,,,
2821,66.9,45.0,0.00,-,-,08,2019,
2822,66.0,44.1,0.00,-,-,08,2019,
2823,66.9,41.0,0.08,-,-,08,2019,
2824,57.0,41.0,0.00,-,-,08,2019,
2825,61.0,39.0,0.00,-,-,08,2019,
2826,63.0,39.0,0.09,-,-,08,2019,
2827,66.9,50.0,0.01,-,-,08,2019,
2828,64.9,46.0,0.07,-,-,08,2019,
2829,64.9,44.1,0.00,-,-,08,2019,
2830,63.0,44.1,0.00,-,-,08,2019,
2831,66.0,45.0,0.00,-,-,08,2019,
2832,53.1,45.0,0.00,-,-,08,2019,
2833,66.0,46.0,0.98,-,-,08,2019,
2834,57.0,46.9,0.82,-,-,08,2019,
2835,57.9,37.9,0.02,-,-,08,2019,
2836,59.0,37.9,0.00,-,-,08,2019,
2837,59.0,37.9,0.00,-,-,08,2019,
2838,68.0,48.0,0.00,-,-,08,2019,
2839,68.0,48.9,0.00,-,-,08,2019,
2840,69.1,48.9,0.00,-,-,08,2019,
2841,68.0,48.0,0.00,-,-,08,2019,
2842,69.1,48.9,0.00,-,-,08,2019,
2843,61.0,39.0,0.00,-,-,08,2019,
2844,09,2019,,,,,,
2845,66.9,45.0,0.00,-,-,09,2019,
2846,66.0,44.1,0.00,-,-,09,2019,
2847,66.9,41.0,0.08,-,-,09,2019,
2848,57.0,41.0,0.00,-,-,09,2019,
2849,61.0,39.0,0.00,-,-,09,2019,
2850,63.0,39.0,0.09,-,-,09,2019,
2851,66.9,50.0,0.01,-,-,09,2019,
2852,64.9,46.0,0.07,-,-,09,2019,
2853,64.9,44.1,0.00,-,-,09,2019,
2854,63.0,44.1,0.00,-,-,09,2019,
2855,66.0,45.0,0.00,-,-,09,2019,
2856,53.1,45.0,0.00,-,-,09,2019,
2857,66.0,46.0,0.98,-,-,09,2019,
2858,57.0,46.9,0.82,-,-,09,2019,
2859,57.9,37.9,0.02,-,-,09,2019,
2860,59.0,37.9,0.00,-,-,09,2019,
2861,59.0,37.9,0.00,-,-,09,2019,
2862,68.0,48.0,0.00,-,-,09,2019,
2863,68.0,48.9,0.00,-,-,09,2019,
2864,69.1,48.9,0.00,-,-,09,2019,
2865,68.0,48.0,0.00,-,-,09,2019,
2866,69.1,48.9,0.00,-,-,09,2019,
2867,61.0,39.0,0.00,-,-,09,2019,
2868,10,2019,,,,,,
2869,66.9,45.0,0.00,-,-,10,2019,
2870,66.0,44.1,0.00,-,-,10,2019,
2871,66.9,41.0,0.08,-,-,10,2019,
2872,57.0,41.0,0.00,-,-,10,2019,
2873,61.0,39.0,0.00,-,-,10,2019,
2874,63.0,39.0,0.09,-,-,10,2019,
2875,66.9,50.0,0.01,-,-,10,2019,
2876,64.9,46.0,0.07,-,-,10,2019,
2877,64.9,44.1,0.00,-,-,10,2019,
2878,63.0,44.1,0.00,-,-,10,2019,
2879,66.0,45.0,0.00,-,-,10,2019,
2880,53.1,45.0,0.00,-,-,10,2019,
2881,66.0,46.0,0.98,-,-,10,2019,
2882,57.0,46.9,0.82,-,-,10,2019,
2883,57.9,37.9,0.02,-,-,10,2019,
2884,59.0,37.9,0.00,-,-,10,2019,
2885,59.0,37.9,0.00,-,-,10,2019,
2886,68.0,48.0,0.00,-,-,10,2019,
2887,68.0,48.9,0.00,-,-,10,2019,
2888,69.1,48.9,0.00,-,-,10,2019,
2889,68.0,48.0,0.00,-,-,10,2019,
2890,69.1,48.9,0.00,-,-,10,2019,
2891,61.0,39.0,0.00,-,-,10,2019,
2892,11,2019,,,,,,
2893,66.9,45.0,0.00,-,-,11,2019,
2894,66.0,44.1,0.00,-,-,11,2019,
2895,66.9,41.0,0.08,-,-,11,2019,
2896,57.0,41.0,0.00,-,-,11,2019,
2897,61.0,39.0,0.00,-,-,11,2019,
2898,63.0,39.0,0.09,-,-,11,2019,
2899,66.9,50.0,0.01,-,-,11,2019,
2900,64.9,46.0,0.07,-,-,11,2019,
2901,64.9,44.1,0.00,-,-,11,2019,
2902,63.0,44.1,0.00,-,-,11,2019,
2903,66.0,45.0,0.00,-,-,11,2019,
2904,53.1,45.0,0.00,-,-,11,2019,
2905,66.0,46.0,0.98,-,-,11,2019,
2906,57.0,46.9,0.82,-,-,11,2019,
2907,57.9,37.9,0.02,-,-,11,2019,
2908,59.0,37.9,0.00,-,-,11,2019,
2909,59.0,37.9,0.00,-,-,11,2019,
2910,68.0,48.0,0.00,-,-,11,2019,
2911,68.0,48.9,0.00,-,-,11,2019,
2912,69.1,48.9,0.00,-,-,11,2019,
2913,68.0,48.0,0.00,-,-,11,2019,
2914,69.1,48.9,0.00,-,-,11,2019,
2915,61.0,39.0,0.00,-,-,11,2019,
2916,12,2019,,,,,,
2917,66.9,45.0,0.00,-,-,12,2019,
2918,66.0,44.1,0.00,-,-,12,2019,
2919,66.9,41.0,0.08,-,-,12,2019,
2920,57.0,41.0,0.00,-,-,12,2019,
2921,61.0,39.0,0.00,-,-,12,2019,
2922,63.0,39.0,0.09,-,-,12,2019,
2923,66.9,50.0,0.01,-,-,12,2019,
2924,64.9,46.0,0.07,-,-,12,2019,
2925,64.9,44.1,0.00,-,-,12,2019,
2926,63.0,44.1,0.00,-,-,12,2019,
2927,66.0,45.0,0.00,-,-,12,2019,
2928,53.1,45.0,0.00,-,-,12,2019,
2929,66.0,46.0,0.98,-,-,12,2019,
2930,57.0,46.9,0.82,-,-,12,2019,
2931,57.9,37.9,0.02,-,-,12,2019,
2932,59.0,37.9,0.00,-,-,12,2019,
2933,59.0,37.9,0.00,-,-,12,2019,
2934,68.0,48.0,0.00,-,-,12,2019,
2935,68.0,48.9,0.00,-,-,12,2019,
2936,69.1,48.9,0.00,-,-,12,2019,
2937,68.0,48.0,0.00,-,-,12,2019,
2938,69.1,48.9,0.00,-,-,12,2019,
2939,61.0,39.0,0.00,-,-,12,2019,
